"NGA","PolID","Time","PropCoded","PolPop","PolTerr","CapPop","levels","government","infrastr","writing","texts","money","FreqLR","ConformityLR","FreqWR","ConformityWR","FreqFR","ConformityFR","FreqER","ConformityER","FreqDR","ConformityDR","MHG","BSP","WrittenRecords","ReligiousHier","GeneralMoralisticPunishment","MoralisingHighGods","MoralisingGods","DoctrinalMode","Writing"
"Big Island Hawaii","Hawaii1",1000,76.5,NA,NA,NA,NA,0.0909090909090909,0.1,0.1,0.1,1.8,NA,NA,NA,NA,NA,NA,NA,NA,NA,NA,NA,NA,0.1,NA,NA,NA,NA,NA,0
"Big Island Hawaii","Hawaii2",1200,86.3,4350.31084375799,1803.079130657,NA,NA,0.0909090909090909,0.0909090909090909,0.15,0,1.8,NA,NA,NA,NA,NA,NA,NA,NA,NA,NA,NA,NA,0,NA,NA,NA,NA,NA,0
"Big Island Hawaii","Hawaii2",1300,86.3,7907.18000805107,1803.079130657,NA,NA,0.0909090909090909,0.0909090909090909,0.15,0,1.8,NA,NA,NA,NA,NA,NA,NA,NA,NA,NA,NA,NA,0,NA,NA,NA,NA,NA,0
"Big Island Hawaii","Hawaii2",1400,86.3,18546.5714527178,1803.079130657,NA,NA,0.0909090909090909,0.181818181818182,0.15,0,1.8,NA,NA,NA,NA,NA,NA,NA,NA,NA,NA,NA,NA,0,NA,NA,NA,NA,NA,0
"Big Island Hawaii","Hawaii2",1500,86.3,22377.6944398057,1803.079130657,NA,NA,0.172727272727273,0.181818181818182,0.15,0,1.8,NA,NA,NA,NA,NA,NA,NA,NA,NA,NA,NA,NA,0,NA,NA,NA,NA,NA,0
"Big Island Hawaii","Hawaii2",1600,80.4,NA,1803.079130657,NA,NA,0.09,0.1,0.15,0,1.8,NA,NA,NA,NA,NA,NA,NA,NA,NA,NA,NA,NA,0,NA,NA,NA,NA,NA,0
"Big Island Hawaii","Hawaii3",1700,94.1,120889.957280631,9979.6492797294,NA,2.66164839778629,0.227272727272727,0.336363636363636,0.166666666666667,0,1.8,2,NA,6,NA,NA,NA,2,NA,NA,NA,NA,NA,0,2,NA,NA,NA,1,0
"Big Island Hawaii","USKameh",1800,92.2,98298.6647956028,15560.6236474621,NA,2.87019348434257,0.35,0.172727272727273,0.166666666666667,0,1.8,2,NA,6,NA,NA,NA,2,NA,NA,NA,2,0.9,0,2,1,0,1,1,0
"Cahokia","USMisEW",-600,88.2,41.3815550774394,NA,46.5883372929025,1,0,0.0833333333333333,0,0,1,NA,NA,NA,NA,NA,NA,NA,NA,NA,NA,NA,NA,0,1,NA,NA,NA,NA,0
"Cahokia","USMisMW",-100,88.2,45.1143747462592,NA,46.7114284477708,1.23467705115733,0,0.0833333333333333,0,0,1,NA,NA,NA,NA,NA,NA,NA,NA,NA,NA,NA,NA,0,1,NA,NA,NA,NA,0
"Cahokia","USMisRo",300,88.2,33.4755573259853,NA,42.3368191163581,1,0,0.0833333333333333,0,0,1,NA,NA,NA,NA,NA,NA,NA,NA,NA,NA,NA,NA,0,1,NA,NA,NA,NA,0
"Cahokia","USMisMu",500,88.2,39.5144709236332,NA,42.3653524404423,1,0,0.0916666666666667,0,0,1,NA,NA,NA,NA,NA,NA,NA,NA,NA,NA,NA,NA,0,1,NA,NA,NA,NA,0
"Cahokia","USMisPa",600,88.2,38.2278399247007,NA,48.3410491618126,1.25,0,0.0916666666666667,0,0,1,NA,NA,NA,NA,NA,NA,NA,NA,NA,NA,NA,NA,0,1,NA,NA,NA,NA,0
"Cahokia","USMisSp",800,90.2,454.09010680849,153.553315184031,432.041789095865,1.75,0,0.1,0,0,1,NA,NA,NA,NA,NA,NA,NA,NA,NA,NA,NA,NA,0,2,NA,NA,NA,1,0
"Cahokia","USMisME",900,82.4,424.6358176407,171.428220905241,462.885574613978,1.75,0.2,0.316666666666667,0,0,1.8,NA,NA,NA,NA,NA,NA,NA,NA,NA,NA,NA,NA,0,2,NA,NA,NA,1,0
"Cahokia","USMisME",1000,82.4,424.6358176407,171.428220905241,462.885574613978,2.5,0.2,0.316666666666667,0,0,1.8,NA,NA,NA,NA,NA,NA,NA,NA,NA,NA,NA,NA,0,3,NA,NA,NA,1,0
"Cahokia","USCahoE",1100,78.4,42581.5393227639,2374.24610174589,13114.4954315435,2.92250421705195,0.333333333333333,0.325,0,0,1.8,2,NA,NA,NA,6,NA,2,NA,NA,NA,NA,NA,0,3,NA,NA,NA,1,0
"Cahokia","USCahoL",1200,78.4,42337.353367225,2141.66525867601,11270.0843238041,2.91838473367289,0.333333333333333,0.325,0,0,1.8,2,NA,NA,NA,6,NA,2,NA,NA,NA,NA,NA,0,3,NA,NA,NA,1,0
"Cahokia","USMisSd",1300,76.5,13503.749020802,753.581467133247,6029.72783269168,2.75,0.333333333333333,0.263636363636364,0,0,1.8,NA,NA,NA,NA,6,NA,NA,NA,NA,NA,NA,NA,0,3,NA,NA,NA,1,0
"Cahokia","USOneot",1400,70.6,NA,NA,200,1.36466461668134,0.0833333333333333,0.3125,0.1,0.1,1.8,NA,NA,NA,NA,NA,NA,NA,NA,NA,NA,NA,NA,0.1,1,NA,NA,NA,NA,0
"Cahokia","USOneot",1600,70.6,NA,NA,2221.81999110964,1.36466461668134,0.0833333333333333,0.3125,0.1,0.1,1.8,NA,NA,NA,NA,NA,NA,NA,NA,NA,NA,NA,NA,0.1,1,NA,NA,NA,NA,0
"Cahokia","USIllin",1700,68.6,11791.0619215982,18106.9372590292,NA,1.5,0.04,0.233333333333333,0.4,0.1,1.8,NA,NA,NA,NA,NA,NA,NA,NA,NA,NA,NA,NA,0.1,1,NA,NA,NA,NA,0
"Cambodian Basin","KhFunaE",300,84.3,NA,257034,2000,2.5,0.618181818181818,0.977777777777778,1,1,4,NA,NA,NA,NA,6,NA,NA,NA,NA,NA,1,1,1,2,1,0,1,1,1
"Cambodian Basin","KhFunaL",600,84.3,165738.469709217,264200,2000,2.53491207967492,0.61,0.888888888888889,1,1,4,NA,NA,NA,NA,6,NA,NA,NA,NA,NA,1,1,1,2,1,0,1,1,1
"Cambodian Basin","KhChenl",700,80.4,NA,531000,60000,4.5,0.79,0.888888888888889,1,0.985714285714286,3,NA,NA,NA,NA,6,NA,NA,NA,NA,NA,1,1,1,6,1,0,1,1,1
"Cambodian Basin","KhChenl",800,80.4,NA,531000,3e+05,4.5,0.79,0.888888888888889,1,0.985714285714286,3,NA,NA,NA,NA,6,NA,NA,NA,NA,NA,1,1,1,6,1,0,1,1,1
"Cambodian Basin","KhAngkE",900,96.1,NA,916847,4e+05,4.8,0.836363636363636,0.916666666666667,1,0.9875,4,2,NA,6,NA,6,NA,2,NA,NA,NA,1,1,1,6,1,0,1,1,1
"Cambodian Basin","KhAngkE",1000,94.1,NA,916847,NA,4.8,0.836363636363636,0.916666666666667,1,0.9875,4,2,NA,6,NA,6,NA,2,NA,NA,NA,1,1,1,6,1,0,1,1,1
"Cambodian Basin","KhAngkC",1100,98,1500000,939245,899451.988090464,5,0.827272727272727,0.916666666666667,1,0.9875,4,2,NA,6,NA,6,NA,2,NA,NA,NA,1,1,1,6,1,0,1,1,1
"Cambodian Basin","KhAngkL",1300,96.1,1500000,NA,929479.796626335,5,0.827272727272727,0.875,1,0.975,3.6,2,NA,6,NA,6,NA,2,NA,NA,NA,1,0.666666666666667,1,6,1,0,1,1,1
"Cambodian Basin","KhCambd",1500,96.1,772464.007749551,279646,NA,6.5,0.827272727272727,0.916666666666667,1,0.9875,4,NA,NA,6,NA,6,NA,NA,NA,NA,NA,1,0.666666666666667,1,6,1,0,1,1,1
"Cambodian Basin","ThAyuth",1600,80.4,NA,NA,155000,4.8,0.554545454545455,0.877777777777778,1,0.95,5,2,NA,6,NA,6,NA,5,NA,NA,NA,2,0.666666666666667,1,6,1,0,1,1,1
"Cambodian Basin","ThAyuth",1700,80.4,NA,NA,155000,4.8,0.554545454545455,0.888888888888889,1,0.95,5,2,NA,6,NA,6,NA,5,NA,NA,NA,2,0.666666666666667,1,6,1,0,1,1,1
"Cambodian Basin","ThRattn",1800,86.3,4639147.76639592,513120,61465.5223225653,4.75,0.554545454545455,0.866666666666667,1,1,5,2,NA,6,NA,6,NA,2,NA,NA,NA,1,0.666666666666667,1,6,1,0,1,1,1
"Central Java","IdMedng",800,74.5,314020.316626792,105944.47450492,1000,3.07909388085924,0.825,0.866666666666667,0.816666666666667,0.96,5,NA,NA,NA,NA,6,NA,NA,NA,NA,NA,1,1,1,1.80299572289113,1,0,1,1,1
"Central Java","IdMedng",900,74.5,314020.316626792,105944.47450492,1000,3.32909388085924,0.825,0.866666666666667,0.816666666666667,0.96,5,NA,NA,NA,NA,6,NA,NA,NA,NA,NA,1,1,1,1.80299572289113,1,0,1,1,1
"Central Java","IdKedir",1100,72.5,268285.290013297,62350.6696156947,NA,4,0.8375,0.866666666666667,0.816666666666667,0.94,5,NA,NA,NA,NA,6,NA,NA,NA,NA,NA,1,1,1,3,1,0,1,1,1
"Central Java","IdKedir",1200,72.5,317506.910364975,62350.6696156947,NA,4,0.8375,0.866666666666667,0.816666666666667,0.94,5,NA,NA,NA,NA,6,NA,NA,NA,NA,NA,1,1,1,3,1,0,1,1,1
"Central Java","IdMajap",1300,86.3,5e+06,5e+05,155083.862948913,4,0.89,0.95,0.816666666666667,0.95,4,NA,NA,NA,NA,6,NA,NA,NA,NA,NA,1,1,1,3,1,0,1,1,1
"Central Java","IdMatrm",1600,76.5,3426845.1847733,104902.262260225,NA,3.47516073715289,0.977777777777778,0.955555555555556,0.816666666666667,0.933333333333333,4.5,2,NA,4,NA,4,NA,2,NA,NA,NA,3,1,1,2.37580368576444,1,1,1,1,1
"Chuuk Islands","FmTrukE",1800,94.1,NA,NA,153.776622794865,1.75,0,0.0833333333333333,0.166666666666667,0,1,NA,NA,5,NA,5,NA,NA,NA,NA,NA,2,0.9,0,1,1,0,1,1,0
"Chuuk Islands","FmTrukL",1900,96.1,9200,127.2,NA,2.5,0.609090909090909,0.35,0.816666666666667,0.3625,6,NA,NA,5,NA,5,NA,NA,NA,NA,NA,2,1,1,1,1,0,1,1,1
"Cuzco","PeCuzLF",100,74.5,NA,NA,NA,3,0.1,0.18,0,0,0,NA,NA,NA,NA,NA,NA,NA,NA,NA,NA,NA,NA,0,NA,NA,NA,NA,NA,0
"Cuzco","PeCuzE1",200,72.5,NA,726.105524262741,NA,3,0.1,0.214285714285714,0,0,0.3,NA,NA,NA,NA,NA,NA,NA,NA,NA,NA,NA,NA,0,NA,NA,NA,NA,NA,0
"Cuzco","PeCuzE1",300,72.5,NA,744.151183794868,NA,3,0.1,0.214285714285714,0,0,0.3,NA,NA,NA,NA,NA,NA,NA,NA,NA,NA,NA,NA,0,NA,NA,NA,NA,NA,0
"Cuzco","PeCuzE1",400,72.5,NA,1000,NA,3,0.1,0.214285714285714,0,0,0.3,NA,NA,NA,NA,NA,NA,NA,NA,NA,NA,NA,NA,0,NA,NA,NA,NA,NA,0
"Cuzco","PeCuzE2",500,76.5,NA,1000,NA,3,0.1,0.18,0,0,0.3,NA,NA,NA,NA,NA,NA,NA,NA,NA,NA,NA,NA,0,NA,NA,NA,NA,NA,0
"Cuzco","PeWari*",700,86.3,301134.466195733,148406.331159232,47634.0305961441,4.52876981500571,0.52,0.7625,0.166666666666667,0.0125,1,NA,NA,NA,NA,NA,NA,NA,NA,NA,NA,NA,NA,0,NA,NA,NA,NA,NA,0
"Cuzco","PeCuzL1",1000,84.3,NA,557.502071937744,NA,4,0.1,0.44,0.0285714285714286,0,1,NA,NA,NA,NA,NA,NA,NA,NA,NA,NA,NA,NA,0,NA,NA,NA,NA,NA,0
"Cuzco","PeCuzL2",1300,86.3,NA,2416.8790833778,NA,3.5,0.41,0.61,0.0333333333333333,0,1,NA,NA,NA,NA,NA,NA,NA,NA,NA,NA,NA,NA,0,2,NA,NA,NA,1,0
"Cuzco","PeInca*",1400,98,NA,1173093.44098461,55900.6061730604,4.54812417155263,0.581818181818182,0.758333333333333,0.285714285714286,0,1.8,1.33333333333333,NA,1,NA,6,NA,2,NA,NA,NA,1,0,0,4,0,0,0,1,0
"Cuzco","PeInca*",1500,100,9115916.13512919,1173093.44098461,55900.6061730604,4.54812417155263,0.581818181818182,0.758333333333333,0.285714285714286,0,1.8,1.33333333333333,NA,1,NA,6,NA,2,NA,NA,NA,1,0,0,4,0,0,0,1,0
"Deccan","InDecNL",-2700,90.2,NA,NA,NA,1.2,0.1,0.175,0.1,0.1,0.9,2,NA,2,NA,NA,NA,2,NA,NA,NA,NA,NA,0.1,2,NA,NA,NA,1,0
"Deccan","InDecIA",-1200,86.3,760.978678692419,NA,722.230987556588,1,0.1,0.388888888888889,0.233333333333333,0.1,0.9,NA,NA,NA,NA,NA,NA,NA,NA,NA,NA,NA,NA,0.1,1,NA,NA,NA,NA,0
"Deccan","InDecIA",-900,86.3,10274.2939463673,NA,2446.52052203119,1.45703810394653,0.1,0.388888888888889,0.233333333333333,0.1,0.9,NA,NA,NA,NA,NA,NA,NA,NA,NA,NA,NA,NA,0.1,1,NA,NA,NA,NA,0
"Deccan","InDecIA",-500,86.3,20929.7488870913,NA,8328.56483432888,1.75,0.1,0.388888888888889,0.233333333333333,0.1,0.9,NA,NA,NA,NA,NA,NA,NA,NA,NA,NA,NA,NA,0.1,1,NA,NA,NA,NA,0
"Deccan","InSataL",-100,82.4,7635665.06714418,1348189.93374099,84000,2.90074856955866,0.581818181818182,0.777777777777778,0.975,0.842857142857143,5,0,NA,6,NA,6,NA,2,NA,NA,NA,1,1,1,1.03515042112931,1,0,1,1,1
"Deccan","InSataL",0,82.4,7687513.03655615,1348189.93374099,84000,2.90074856955866,0.581818181818182,0.777777777777778,0.975,0.842857142857143,5,0,NA,6,NA,6,NA,2,NA,NA,NA,1,1,1,1.03515042112931,1,0,1,1,1
"Deccan","InSataL",100,82.4,8469057.87053848,1348189.93374099,84000,2.90074856955866,0.581818181818182,0.777777777777778,0.975,0.842857142857143,5,0,NA,6,NA,6,NA,2,NA,NA,NA,1,1,1,1.03515042112931,1,0,1,1,1
"Deccan","InSataL",200,82.4,8486856.24055544,1444151.11827836,84000,2.90074856955866,0.581818181818182,0.777777777777778,0.975,0.842857142857143,5,0,NA,6,NA,6,NA,2,NA,NA,NA,1,1,1,1.03515042112931,1,0,1,1,1
"Deccan","InVakat",300,60.8,6381591.14225363,973551.343105305,NA,3.26548314098828,0.8625,0.666666666666667,0.78,0.983333333333333,5,0,NA,6,NA,6,NA,2,NA,NA,NA,1,1,1,1.88307733065288,1,0,1,1,1
"Deccan","InKadam",500,64.7,NA,35081.7701581587,NA,4.07328620237659,0.625,0.7125,0.925,0.94,5,2,NA,6,NA,6,NA,2,NA,NA,NA,1,1,0.9,1.27359330529561,1,0,1,1,1
"Deccan","InChaBd",600,74.5,2934044.36582455,750000,70000,4.54194453326248,0.9,0.744444444444444,0.975,0.95,5,2,NA,6,NA,6,NA,2,NA,NA,NA,1,1,1,5,1,0,1,1,1
"Deccan","InChaBd",700,74.5,6248748.7622351,750000,70000,4.54194453326248,0.9,0.744444444444444,0.975,0.95,5,2,NA,6,NA,6,NA,2,NA,NA,NA,1,1,1,5,1,0,1,1,1
"Deccan","InRasht",800,84.3,5655753.48069463,6e+05,1e+05,4.49066649374221,0.79,0.777777777777778,0.975,0.875,3.6,2,NA,6,NA,6,NA,2,NA,NA,NA,1,1,1,5,1,0,1,1,1
"Deccan","InRasht",900,84.3,5747873.05786693,6e+05,1e+05,4.49066649374221,0.79,0.777777777777778,0.975,0.875,3.6,2,NA,6,NA,6,NA,2,NA,NA,NA,1,1,1,5,1,0,1,1,1
"Deccan","InChaKl",1000,76.5,7084055.85040382,3712769.9445032,NA,4.23904442634805,0.866666666666667,0.7125,0.975,0.975,5,2,NA,6,NA,6,NA,2,NA,NA,NA,1,1,1,5,1,0,1,1,1
"Deccan","InHoysa",1200,72.5,NA,117501.307729463,125000,3.31942016876352,0.844444444444444,0.916666666666667,0.9,0.9625,5,2,NA,6,NA,6,NA,2,NA,NA,NA,1,1,0.9,2.06445248107038,1,0,1,1,1
"Deccan","InKampi",1300,70.6,NA,11671.0335005008,NA,3.11202737664823,0.9125,0.766666666666667,0.766666666666667,0.9625,5,2,NA,6,NA,6,NA,2,NA,NA,NA,1,1,0.9,2.49782243325968,1,0,1,1,1
"Deccan","InVijay",1400,86.3,2.5e+07,351708.996952769,1e+05,3.20770530796718,0.9,0.977777777777778,0.8,0.971428571428571,5,2,NA,6,NA,6,NA,2,NA,NA,NA,1,1,1,0.771727729728253,1,0,1,1,1
"Deccan","InVijay",1500,86.3,2.5e+07,351708.996952769,182494.800475975,3.20770530796718,0.9,0.977777777777778,0.8,0.971428571428571,5,2,NA,6,NA,6,NA,2,NA,NA,NA,1,1,1,0.771727729728253,1,0,1,1,1
"Deccan","InVijay",1600,84.3,2.5e+07,351708.996952769,NA,3.20770530796718,0.9,0.977777777777778,0.8,0.971428571428571,5,2,NA,6,NA,6,NA,2,NA,NA,NA,1,1,1,0.771727729728253,1,0,1,1,1
"Finger Lakes","UsIroqE",1600,98,5500,1e+05,3000,2.25,0.0909090909090909,0.0833333333333333,0.333333333333333,0,2,2,NA,2,NA,NA,NA,2.33333333333333,NA,NA,NA,0,NA,0,1,NA,0,NA,NA,0
"Finger Lakes","UsIroqE",1700,96.1,NA,1e+05,3000,2.25,0.0909090909090909,0.0833333333333333,0.333333333333333,0,2,2,NA,2,NA,NA,NA,2.33333333333333,NA,NA,NA,0,NA,0,1,NA,0,NA,NA,0
"Garo Hills","InGaroE",1800,96.1,2657.05249903298,NA,2579.41262949906,1.6,0,0.0833333333333333,0.333333333333333,0,1,2,NA,2,NA,2,NA,1,NA,NA,NA,2,0,0,1,0,0,0,NA,0
"Garo Hills","InGaroL",1900,96.1,138000,8000,NA,2,0.454545454545455,0.25,0.833333333333333,0.375,6,2,NA,2,NA,2,NA,1,NA,NA,NA,NA,NA,1,1,NA,NA,NA,NA,1
"Ghanaian Coast","GhAshnE",1600,92.2,NA,NA,NA,3.4,0.172727272727273,0.325,0.333333333333333,0,3,2,NA,2,NA,4,NA,NA,NA,NA,NA,3,0.9,0,3,1,1,1,1,0
"Ghanaian Coast","GhAshnL",1800,94.1,NA,NA,22500,4.4,0.454545454545455,0.408333333333333,1,0.375,3,2,NA,2,NA,4,NA,2,NA,NA,NA,3,0.9,1,4,1,1,1,1,1
"Iceland","IsCommw",1000,90.2,NA,103000,240.97156813125,2,0.122222222222222,0,0.6,0.0125,4,2,NA,5,NA,5,NA,3,NA,NA,NA,2,0.9,0,1,1,0,1,1,0
"Iceland","IsCommw",1100,92.2,31000,103000,240.97156813125,2.4,0.233333333333333,0,0.8,0.3625,4,2,NA,5,NA,5,NA,3,NA,NA,NA,3,0.9,0,2,1,1,1,1,0
"Iceland","IsCommw",1200,90.2,NA,103000,240.97156813125,2.4,0.233333333333333,0,1,0.9875,4,2,NA,5,NA,5,NA,3,NA,NA,NA,3,0.9,1,2,1,1,1,1,1
"Iceland","NorKing",1300,96.1,51955.5860923584,103000,287.947915802824,3.75,0.554545454545455,0.0166666666666667,1,0.9875,4,NA,NA,5,NA,5,NA,NA,NA,NA,NA,3,0.666666666666667,1,4,1,1,1,1,1
"Kachi Plain","PkAcerN",-7500,88.2,NA,NA,425.21151227617,0.485011706872329,0.0272727272727273,0.275,0,0,1.8,NA,NA,NA,NA,NA,NA,NA,NA,NA,NA,NA,NA,0,0,NA,NA,NA,NA,0
"Kachi Plain","PkCeraN",-5500,88.2,NA,NA,413.177480177275,0.557697648939642,0.0272727272727273,0.266666666666667,0,0,1.8,NA,NA,NA,NA,NA,NA,NA,NA,NA,NA,NA,NA,0,0,NA,NA,NA,NA,0
"Kachi Plain","PkChalc",-4000,86.3,NA,NA,2677.57310812943,1.46412360408774,0.1,0.341666666666667,0,0,1.8,NA,NA,NA,NA,NA,NA,NA,NA,NA,NA,NA,NA,0,1,NA,NA,NA,NA,0
"Kachi Plain","PkPreUr",-3200,86.3,NA,NA,3355.8137648251,1.64355556280818,0.109090909090909,0.341666666666667,0,0,1.8,NA,NA,NA,NA,NA,NA,NA,NA,NA,NA,NA,NA,0,1,NA,NA,NA,NA,0
"Kachi Plain","PkUrbn1",-2500,56.9,NA,NA,1e+05,3,0.62,0.866666666666667,0.75,NA,2.7,NA,NA,NA,NA,6,NA,NA,NA,NA,NA,NA,NA,1,2,NA,NA,NA,1,1
"Kachi Plain","PkPostU",-1800,84.3,NA,NA,934.981125530421,1.28647620149323,0.333333333333333,0.21,0.15,0,2.7,NA,NA,NA,NA,NA,NA,NA,NA,NA,NA,NA,NA,0,1,NA,NA,NA,NA,0
"Kachi Plain","PkProto",-1300,66.7,NA,NA,NA,1.17740232222765,0.44,0.76,0,0,0.9,NA,NA,NA,NA,NA,NA,NA,NA,NA,NA,NA,NA,0,NA,NA,NA,NA,NA,0
"Kachi Plain","InMaury",-300,92.2,1.8e+07,4e+06,270000,5.42754310869399,0.8,0.966666666666667,0.816666666666667,0.971428571428571,5,NA,NA,NA,NA,NA,NA,NA,NA,NA,NA,1,0.666666666666667,1,3.71017243477597,1,0,1,1,1
"Kachi Plain","PkIndGr",-100,60.8,NA,105226,NA,3.89802232998463,0.955555555555556,0.942857142857143,0.82,0.9,5,NA,NA,NA,NA,NA,NA,NA,NA,NA,NA,3,0.5,1,NA,1,1,1,NA,1
"Kachi Plain","PkSind1",900,64.7,1e+06,140914,NA,2.6,0.714285714285714,0.966666666666667,0.816666666666667,0.9625,5,1.33333333333333,NA,5,NA,5,NA,2,NA,NA,NA,3,1,1,2,1,1,1,1,1
"Kachi Plain","PkSind1",1000,62.7,1e+06,140914,NA,2.6,0.666666666666667,0.966666666666667,0.816666666666667,0.9625,5,1.33333333333333,NA,5,NA,5,NA,2,NA,NA,NA,3,1,1,2,1,1,1,1,1
"Kachi Plain","PkSind1",1100,62.7,1e+06,140914,NA,2.6,0.666666666666667,0.633333333333333,0.816666666666667,0.9625,5,1.33333333333333,NA,5,NA,5,NA,2,NA,NA,NA,3,1,1,2,1,1,1,1,1
"Kachi Plain","AfGhurd",1200,76.5,NA,1641463.18614916,NA,3.46864972657972,0.933333333333333,0.95,0.833333333333333,0.985714285714286,5,1.33333333333333,NA,5,NA,5,NA,2,NA,NA,NA,3,1,1,2,1,1,1,1,1
"Kachi Plain","InDelh*",1300,92.2,1e+06,3051716.89729744,334797.279328964,6,0.99,0.981818181818182,0.98,0.975,5.4,2,NA,5,NA,5,NA,2,NA,NA,NA,3,1,1,5,1,1,1,1,1
"Kachi Plain","PkSind2",1400,62.7,NA,140914,NA,2.6,0.557142857142857,0.966666666666667,0.816666666666667,0.9625,5,1.33333333333333,NA,5,NA,5,NA,2,NA,NA,NA,3,1,1,2,1,1,1,1,1
"Kachi Plain","PkSind2",1500,64.7,2200000,140914,NA,2.6,0.557142857142857,0.966666666666667,0.816666666666667,0.9625,5,1.33333333333333,NA,5,NA,5,NA,2,NA,NA,NA,3,1,1,2,1,1,1,1,1
"Kachi Plain","InMugl*",1600,88.2,NA,NA,NA,4,0.972727272727273,0.89,0.833333333333333,0.975,5,2,NA,6,NA,NA,NA,2,NA,NA,NA,3,1,1,1,1,1,1,1,1
"Kachi Plain","InMugl*",1700,92.2,137305542.663749,4132433.8775088,NA,4,0.972727272727273,0.89,0.833333333333333,0.975,5,2,NA,6,NA,NA,NA,2,NA,NA,NA,3,1,1,1,1,1,1,1,1
"Kachi Plain","AfDurrn",1800,88.2,NA,489000,NA,2.91582080980463,0.381818181818182,0.545454545454545,0.816666666666667,1,6,2,NA,5,NA,5,NA,2,NA,NA,NA,3,1,1,0.856876077766605,1,1,1,1,1
"Kansai","JpYayoi",-300,86.3,1770.72513694968,1,1831.1312083455,1.91966104645519,0.144444444444444,0.366666666666667,0.15,0,4,2,NA,NA,NA,6,NA,3,NA,NA,NA,NA,NA,0,1,NA,NA,NA,1,0
"Kansai","JpKofun",300,76.5,171775.502915645,5696.16711759984,NA,2.2809607565821,0.557142857142857,0.525,0.233333333333333,0.1875,4,1,NA,NA,NA,NA,NA,3,NA,NA,NA,NA,NA,0.1,1,NA,NA,NA,NA,0
"Kansai","JpKofun",400,76.5,312133.268844991,5696.16711759984,NA,2.43191302315449,0.557142857142857,0.525,0.166666666666667,0.525,4,1,NA,NA,NA,NA,NA,3,NA,NA,NA,NA,NA,0,1,NA,NA,NA,NA,0
"Kansai","JpKofun",500,76.5,306334.941760692,5696.16711759984,NA,2.43191302315449,0.557142857142857,0.625,0.833333333333333,0.65,4,1,NA,NA,NA,NA,NA,3,NA,NA,NA,NA,NA,1,1,NA,NA,NA,NA,1
"Kansai","JpAsuka",600,84.3,1637910.37472073,105169.485821541,NA,3.42862868102312,0.87,0.77,0.85,0.983333333333333,5,2,NA,3,NA,6,NA,2,NA,NA,NA,2,0.7,1,1.91195254420811,1,0,1,1,1
"Kansai","JpAsuka",700,84.3,2920639.16269349,105169.485821541,NA,3.42862868102312,0.87,0.77,0.85,0.983333333333333,5,2,NA,3,NA,6,NA,2,NA,NA,NA,2,0.7,1,1.91195254420811,1,0,1,1,1
"Kansai","JpHeian",800,92.2,4e+06,334142.126433307,2e+05,3.34058001470995,0.89,0.833333333333333,1,1,5,2,NA,3,NA,6,NA,2,NA,NA,NA,2,0.666666666666667,1,1.68920718678214,1,0,1,1,1
"Kansai","JpHeian",900,92.2,5027254.06027625,334142.126433307,2e+05,3.34058001470995,0.89,0.833333333333333,1,1,5,2,NA,3,NA,6,NA,2,NA,NA,NA,2,0.666666666666667,1,1.68920718678214,1,0,1,1,1
"Kansai","JpHeian",1000,92.2,4704910.90667806,334142.126433307,175000,3.34058001470995,0.89,0.833333333333333,1,1,5,2,NA,3,NA,6,NA,2,NA,NA,NA,2,0.666666666666667,1,1.68920718678214,1,0,1,1,1
"Kansai","JpHeian",1100,92.2,6103994.23262764,334142.126433307,175000,3.34058001470995,0.89,0.833333333333333,1,1,5,2,NA,3,NA,6,NA,2,NA,NA,NA,2,0.666666666666667,1,1.68920718678214,1,0,1,1,1
"Kansai","JpKamak",1200,92.2,5664928.06977688,295000,144685.031495557,4.4079671466605,0.736363636363636,0.909090909090909,1,0.975,4,3,NA,3,NA,6,NA,3,NA,NA,NA,2,0.666666666666667,1,3,1,0,1,1,1
"Kansai","JpKamak",1300,92.2,6041662.48637464,295000,77666.4921707994,4.4079671466605,0.736363636363636,0.909090909090909,1,0.975,4,3,NA,3,NA,6,NA,3,NA,NA,NA,2,0.666666666666667,1,3,1,0,1,1,1
"Kansai","JpAshik",1400,94.1,12500000,295000,150000,4.40130103986091,0.69,0.916666666666667,1,0.9875,4,3,NA,3,NA,6,NA,3,NA,NA,NA,2,0.666666666666667,1,1.55177789259455,1,0,1,1,1
"Kansai","JpSengk",1500,90.2,1.7e+07,15000,40000,4.15721254365041,0.49,0.84,0.985714285714286,0.925,5,3,NA,3,NA,6,NA,3,NA,NA,NA,2,0.666666666666667,1,1.80365605028125,1,0,1,1,1
"Kansai","JpAzMom",1600,94.1,2.5e+07,295000,1e+05,3.95376595264326,0.71,0.925,0.983333333333333,0.9875,5,3,NA,3,NA,6,NA,3,NA,NA,NA,2,0.666666666666667,1,2.36308426240395,1,0,1,1,1
"Kansai","JpTokgw",1700,72.5,2.9e+07,295000,1300000,4.50860519430149,0.857142857142857,1,1,1,6,1,NA,3,NA,6,NA,1,NA,NA,NA,2,0.666666666666667,1,2.07581486659783,1,0,1,1,1
"Kansai","JpTokgw",1800,72.5,3.2e+07,295000,1400000,4.50860519430149,0.857142857142857,1,1,1,6,1,NA,3,NA,6,NA,1,NA,NA,NA,2,0.666666666666667,1,2.07581486659783,1,0,1,1,1
"Kapuasi Basin","IdBrokE",1700,96.1,500,NA,500,1.4,0,0.00833333333333333,0.333333333333333,0,1,2,NA,6,NA,6,NA,1,NA,NA,NA,1,0.9,0,1,1,0,1,1,0
"Kapuasi Basin","IdBrokL",1900,96.1,NA,124450,500,1.8,0,0.0833333333333333,0.333333333333333,0,6,2,NA,6,NA,6,NA,1,NA,NA,NA,1,0.9,0,1,1,0,1,1,0
"Konya Plain","TrNeoER",-9600,47.1,NA,NA,NA,NA,0,0,0,0,0,NA,NA,NA,NA,NA,NA,NA,NA,NA,NA,NA,NA,0,NA,NA,NA,NA,NA,0
"Konya Plain","TrNeoCR",-7000,51,NA,NA,NA,NA,0,0,0.2,0,0,NA,NA,NA,NA,NA,NA,NA,NA,NA,NA,NA,NA,0,NA,NA,NA,NA,NA,0
"Konya Plain","TrNeoLT",-6600,49,NA,NA,4807.15754474298,1,0,0,0.166666666666667,0,0,1,NA,NA,NA,NA,NA,1,NA,NA,NA,NA,NA,0,NA,NA,NA,NA,NA,0
"Konya Plain","TrClcER",-6000,80.4,4021.99638430777,NA,3182.45969116594,1.66014378858884,0.1,0.1,0.0142857142857143,0.1,0.6,NA,NA,NA,NA,NA,NA,NA,NA,NA,NA,NA,NA,0,2,NA,NA,NA,1,0
"Konya Plain","TrClcLT",-5000,90.2,NA,90,3294.20049328072,1.85605804542237,0.08,0.327272727272727,0.25,0.1,1,NA,NA,NA,NA,NA,NA,NA,NA,NA,NA,NA,NA,0.1,1.0827686647785,NA,NA,NA,NA,0
"Konya Plain","TrBrzER",-3000,68.6,NA,NA,NA,2.35912594343698,0.228571428571429,0.44,0.166666666666667,0,2.7,NA,NA,NA,NA,NA,NA,NA,NA,NA,NA,NA,NA,0,NA,NA,NA,NA,NA,0
"Konya Plain","TrBrzMD",-2000,72.5,70729.4454450088,17327.8525263996,9781.4558074867,2.55019485629233,0.36,0.777777777777778,0.95,1,2.7,NA,NA,NA,NA,NA,NA,NA,NA,NA,NA,NA,NA,1,1.45168145731173,NA,NA,NA,NA,1
"Konya Plain","TrHatOK",-1600,84.3,927666.95912223,76694.3141795135,12587.3221184185,3.4958912882486,0.875,0.766666666666667,0.714285714285714,0.833333333333333,3,2,NA,NA,NA,6,NA,2,NA,NA,NA,0,0.933333333333333,1,3,1,0,1,1,1
"Konya Plain","TrBrzL2",-1500,82.4,333091.913779912,176100.921504829,15902.8261854084,3.6,0.8625,0.79,0.8,0.966666666666667,3,2,NA,NA,NA,6,NA,2,NA,NA,NA,0,0.933333333333333,1,3,1,0,1,1,1
"Konya Plain","TrBrzL2",-1400,82.4,333091.913779912,64751.9753209324,15902.8261854084,3.6,0.8625,0.79,0.8,0.966666666666667,3,2,NA,NA,NA,6,NA,2,NA,NA,NA,0,0.933333333333333,1,3,1,0,1,1,1
"Konya Plain","TrHatNK",-1300,94.1,1486575.30586846,247927.863581589,17192.4004287223,4.01223917145772,0.9,0.727272727272727,0.714285714285714,0.833333333333333,3,2,NA,NA,NA,6,NA,2,NA,NA,NA,0,0.933333333333333,1,4,1,0,1,1,1
"Konya Plain","TrHatNK",-1200,94.1,1486575.30586846,404254.65204212,17192.4004287223,4.01223917145772,0.9,0.727272727272727,0.714285714285714,0.833333333333333,3,2,NA,NA,NA,6,NA,2,NA,NA,NA,0,0.933333333333333,1,4,1,0,1,1,1
"Konya Plain","TrNHitt",-1100,68.6,121476.665513448,544.177468207,15721.114037453,3.5,0.916666666666667,0.75,0.95,0.7,2.7,NA,NA,NA,NA,NA,NA,NA,NA,NA,NA,0,0.9,1,3,1,0,1,1,1
"Konya Plain","TrTabal",-900,35.3,NA,4108.96665809181,NA,3.54761765279404,0.7,0.9,0.966666666666667,0.9,1,NA,NA,NA,NA,NA,NA,NA,NA,NA,NA,0,0.9,1,NA,1,0,1,NA,1
"Konya Plain","TrPhryg",-800,62.7,1097833.01269237,1e+05,20276.8410848154,2.60037698931097,0.9,0.7375,0.783333333333333,0.8,1,0,NA,NA,NA,NA,NA,0,NA,NA,NA,NA,NA,1,1.83404884192847,NA,NA,NA,NA,1
"Konya Plain","TrLydia",-600,60.8,NA,250000,23866.2379002778,2.87484551366988,0.94,0.925,0.78,0.971428571428571,5,0,NA,NA,NA,NA,NA,0.5,NA,NA,NA,NA,NA,1,3.30239388879885,NA,NA,NA,1,1
"Konya Plain","TrLysim",-300,82.4,3088400.06169993,420000,NA,3.63922299142675,0.725,0.83,0.816666666666667,0.9125,5,NA,NA,6,NA,6,NA,NA,NA,NA,NA,3,0.5,1,2,1,1,1,1,1
"Konya Plain","TrCappL",-100,76.5,405540.524468679,130000,NA,3.6,0.6625,0.68,0.8,0.9,5,2,NA,6,NA,6,NA,2,NA,NA,NA,3,NA,1,4,NA,1,1,1,1
"Konya Plain","TrRomDm",300,98,49498531.0474568,4264589.26828123,8e+05,6.69663551900826,0.827272727272727,0.991666666666667,0.833333333333333,0.9875,5,5,NA,2,NA,6,NA,1,NA,NA,NA,0,0.666666666666667,1,5,1,0,1,1,1
"Konya Plain","TrERom*",400,98,1.5e+07,1300000,3e+05,6.4,0.909090909090909,0.916666666666667,0.983333333333333,1,5,2,NA,6,NA,6,NA,2,NA,NA,NA,3,0.666666666666667,1,7,1,1,1,1,1
"Konya Plain","TrERom*",500,98,2e+07,1407046.84862013,5e+05,6.4,0.909090909090909,0.916666666666667,0.983333333333333,1,5,2,NA,6,NA,6,NA,2,NA,NA,NA,3,0.666666666666667,1,7,1,1,1,1,1
"Konya Plain","TrERom*",600,98,1.1e+07,1500000,150000,6.4,0.909090909090909,0.916666666666667,0.983333333333333,1,5,2,NA,6,NA,6,NA,2,NA,NA,NA,3,0.666666666666667,1,7,1,1,1,1,1
"Konya Plain","TrByzM1",700,100,4500000,470000,80000,6.2,0.909090909090909,0.9,0.714285714285714,1,5,2,NA,6,NA,6,NA,2,NA,NA,NA,3,0.666666666666667,1,7,1,1,1,1,1
"Konya Plain","TrByzM1",800,100,5e+06,520000,1e+05,6.2,0.909090909090909,0.9,0.714285714285714,1,5,2,NA,6,NA,6,NA,2,NA,NA,NA,3,0.666666666666667,1,7,1,1,1,1,1
"Konya Plain","TrByzM2",900,98,7814107.37599577,610000,3e+05,6.35493746190963,0.909090909090909,0.916666666666667,0.714285714285714,1,5,2,NA,6,NA,6,NA,2,NA,NA,NA,3,0.666666666666667,1,7,1,1,1,1,1
"Konya Plain","TrByzM2",1000,98,10791555.7127951,1150000,3e+05,6.35493746190963,0.909090909090909,0.916666666666667,0.714285714285714,1,5,2,NA,6,NA,6,NA,2,NA,NA,NA,3,0.666666666666667,1,7,1,1,1,1,1
"Konya Plain","TrRum**",1100,82.4,1735325.20203173,283062.129803541,37882.029646245,4.00655728455905,0.82,0.833333333333333,0.816666666666667,0.975,5,1.33333333333333,NA,5,NA,5,NA,2,NA,NA,NA,3,1,1,4,1,1,1,1,1
"Konya Plain","TrOttm1",1400,90.2,7e+06,633000,25640.2374042999,3.6,0.872727272727273,0.89,1,0.9375,5,1,NA,5,NA,5,NA,2,NA,NA,NA,3,1,1,2,1,1,1,1,1
"Konya Plain","TrOttm2",1500,92.2,9e+06,2310000,282840.86642169,4.73433532639764,0.981818181818182,0.9,1,1,5,1,NA,5,NA,5,NA,2,NA,NA,NA,3,1,1,4,1,1,1,1,1
"Konya Plain","TrOttm3",1600,96.1,2.8e+07,4836000,669411.777872581,5.98469221164119,0.990909090909091,0.916666666666667,1,1,5,1,NA,5,NA,5,NA,2,NA,NA,NA,3,1,1,4,1,1,1,1,1
"Konya Plain","TrOttm4",1700,96.1,2.4e+07,4702920.35469326,7e+05,5.95685939930023,0.990909090909091,0.916666666666667,1,1,5,1,NA,5,NA,5,NA,2,NA,NA,NA,3,1,1,4,1,1,1,1,1
"Konya Plain","TrOttm4",1800,94.1,2.4e+07,NA,570000,5.95685939930023,0.990909090909091,0.916666666666667,1,1,5,1,NA,5,NA,5,NA,2,NA,NA,NA,3,1,1,4,1,1,1,1,1
"Latium","ItLatCA",-3600,90.2,NA,NA,NA,1,0.00909090909090909,0.0272727272727273,0.216666666666667,0.0875,0.9,NA,NA,NA,NA,NA,NA,NA,NA,NA,NA,0,NA,0.1,1,NA,0,NA,NA,0
"Latium","ItLatBA",-1800,88.2,NA,NA,34.1206837513244,1.06215396843709,0.00909090909090909,0.0272727272727273,0.216666666666667,0.0875,0.9,NA,NA,NA,NA,NA,NA,NA,NA,NA,NA,0,NA,0.1,1,NA,0,NA,NA,0
"Latium","ItLatBA",-1200,88.2,NA,NA,178.434730628084,1.06215396843709,0.00909090909090909,0.0272727272727273,0.216666666666667,0.0875,0.9,NA,NA,NA,NA,NA,NA,NA,NA,NA,NA,0,NA,0.1,1,NA,0,NA,NA,0
"Latium","ItLatIA",-1000,84.3,NA,NA,178.434730628084,1.54122556733628,0.0909090909090909,0.15,0.233333333333333,0.0875,1,2,NA,NA,NA,NA,NA,2,NA,NA,NA,0,NA,0.1,1,NA,0,NA,NA,0
"Latium","ItLatIA",-800,84.3,NA,NA,90.513271072492,1.54122556733628,0.0909090909090909,0.15,0.233333333333333,0.0875,1,2,NA,NA,NA,NA,NA,2,NA,NA,NA,0,NA,0.1,1,NA,0,NA,NA,0
"Latium","ItRomRg",-700,84.3,37302.4629044011,1000,10696.0983828077,2.6413986014178,0.172727272727273,0.483333333333333,1,0.975,4,2,NA,NA,NA,6,NA,2,NA,NA,NA,0,NA,1,1.10726054403944,NA,0,NA,1,1
"Latium","ItRomRg",-600,84.3,37302.4629044011,1000,37807.3632493838,2.6413986014178,0.254545454545455,0.483333333333333,1,0.975,4,2,NA,NA,NA,6,NA,2,NA,NA,NA,0,NA,1,1.10726054403944,NA,0,NA,1,1
"Latium","ItRomER",-500,98,1e+05,1000,30000,3.4,0.272727272727273,0.658333333333333,0.833333333333333,0.95,5,2,NA,2,NA,6,NA,2,NA,NA,NA,0,0.666666666666667,1,4,1,0,1,1,1
"Latium","ItRomER",-400,98,150000,1000,30000,3.4,0.272727272727273,0.658333333333333,0.833333333333333,0.95,5,2,NA,2,NA,6,NA,2,NA,NA,NA,0,0.666666666666667,1,4,1,0,1,1,1
"Latium","ItRomER",-300,98,451321.168098897,30650.1280624863,57099.0713127786,4,0.272727272727273,0.658333333333333,0.833333333333333,0.95,5,2,NA,2,NA,6,NA,2,NA,NA,NA,0,0.666666666666667,1,4,1,0,1,1,1
"Latium","ItRomMR",-200,98,3884423.29870957,730000,210000,4.14020228934523,0.272727272727273,0.833333333333333,0.833333333333333,0.975,5,2,NA,2,NA,6,NA,1,NA,NA,NA,0,0.666666666666667,1,4,1,0,1,1,1
"Latium","ItRomLR",-100,98,30607274.3393312,3500000,4e+05,4.67191596809667,0.372727272727273,0.833333333333333,0.833333333333333,1,5,2,NA,4,NA,6,NA,1,NA,NA,NA,0,0.666666666666667,1,4,1,0,1,1,1
"Latium","ItRomPr",0,98,5e+07,4500000,1001698.60147121,7.29019284961631,0.645454545454546,0.991666666666667,0.833333333333333,1,5,5,NA,2,NA,6,NA,1,NA,NA,NA,0,0.666666666666667,1,4,1,0,1,1,1
"Latium","ItRomPr",100,98,53034134.4995375,5800000,1182908.34736931,7.29019284961631,0.645454545454546,0.991666666666667,0.833333333333333,1,5,5,NA,2,NA,6,NA,1,NA,NA,NA,0,0.666666666666667,1,4,1,0,1,1,1
"Latium","ItRomPr",200,98,67547100.5117081,5e+06,1e+06,7.29019284961631,0.645454545454546,0.991666666666667,0.833333333333333,1,5,5,NA,2,NA,6,NA,1,NA,NA,NA,0,0.666666666666667,1,4,1,0,1,1,1
"Latium","ItRomWe",400,94.1,NA,2e+06,5e+05,7.74281704463283,0.909090909090909,0.990909090909091,0.833333333333333,1,5,NA,NA,NA,NA,0,NA,NA,NA,NA,NA,3,0.666666666666667,1,8,1,1,1,1,1
"Latium","ItOstrg",500,96.1,5500000,635000,162885.302814704,5.31252288810409,0.736363636363636,0.975,0.833333333333333,0.9875,5,NA,NA,NA,NA,0,NA,NA,NA,NA,NA,3,0.666666666666667,1,5,1,1,1,1,1
"Latium","ItRav**",600,96.1,1e+06,50000,30000,5.14461824940068,0.663636363636364,0.833333333333333,0.833333333333333,0.9625,5,NA,NA,2.33333333333333,NA,5.66666666666667,NA,NA,NA,NA,NA,3,0.666666666666667,1,5,1,1,1,1,1
"Latium","ItRav**",700,96.1,1250000,50000,106116.590871772,5.14461824940068,0.663636363636364,0.833333333333333,0.833333333333333,0.9625,5,NA,NA,2.33333333333333,NA,5.66666666666667,NA,NA,NA,NA,NA,3,0.666666666666667,1,5,1,1,1,1,1
"Latium","ItStPet",800,92.2,760078.604467697,50000,84811.8787412083,5.4,0.7,0.818181818181818,0.833333333333333,0.95,5,4,NA,2.33333333333333,NA,5.66666666666667,NA,3,NA,NA,NA,3,0.666666666666667,1,5,1,1,1,1,1
"Latium","ItStPet",900,92.2,585525.769331985,50000,40000,5.4,0.7,0.818181818181818,0.833333333333333,0.95,5,4,NA,2.33333333333333,NA,5.66666666666667,NA,3,NA,NA,NA,3,0.666666666666667,1,5,1,1,1,1,1
"Latium","ItPapEM",1000,100,395162.013680245,14000,35000,5.8,0.909090909090909,0.725,0.7,1,4,4,NA,2.33333333333333,NA,5.66666666666667,NA,2.66666666666667,NA,NA,NA,3,0.666666666666667,1,6,1,1,1,1,1
"Latium","ItPapEM",1100,100,338356.152899016,6000,35000,5.8,0.909090909090909,0.725,0.7,1,4,4,NA,2.33333333333333,NA,5.66666666666667,NA,2.66666666666667,NA,NA,NA,3,0.666666666666667,1,6,1,1,1,1,1
"Latium","ItPapHM",1200,98,810170.783049094,44000,35000,4.10312274086515,0.9,0.725,0.842857142857143,1,5,0,NA,2.66666666666667,NA,5.66666666666667,NA,2.66666666666667,NA,NA,NA,3,0.666666666666667,1,6,1,1,1,1,1
"Latium","ItPapRn",1400,100,6e+05,44000,26945.3502355192,4.07698969058184,0.909090909090909,0.733333333333333,0.7,1,5,0,NA,2.66666666666667,NA,5.66666666666667,NA,2.66666666666667,NA,NA,NA,3,0.666666666666667,1,5,1,1,1,1,1
"Latium","ItPapRn",1500,100,1600000,44000,10000,4.07698969058184,0.909090909090909,0.733333333333333,0.7,1,5,0,NA,2.66666666666667,NA,5.66666666666667,NA,2.66666666666667,NA,NA,NA,3,0.666666666666667,1,5,1,1,1,1,1
"Latium","ItPapM1",1600,100,1600000,44000,99312,5.11713145520225,0.827272727272727,0.916666666666667,0.857142857142857,1,5,4,NA,2.66666666666667,NA,5.66666666666667,NA,3,NA,NA,NA,3,0.666666666666667,1,6,1,1,1,1,1
"Latium","ItPapM2",1700,100,1900000,44000,135000,5.4,0.827272727272727,0.833333333333333,0.842857142857143,1,5.4,4,NA,2.66666666666667,NA,5.66666666666667,NA,3,NA,NA,NA,3,0.666666666666667,1,6,1,1,1,1,1
"Latium","ItPapM2",1800,100,2300000,44000,158000,5.4,0.827272727272727,0.833333333333333,0.842857142857143,1,5.4,4,NA,2.66666666666667,NA,5.66666666666667,NA,3,NA,NA,NA,3,0.666666666666667,1,6,1,1,1,1,1
"Lena River Valley","RuYakuE",1400,92.2,NA,NA,100,2,0,0,0.316666666666667,0,0.9,3,NA,2.33333333333333,NA,4,NA,NA,NA,NA,NA,2,0.1,0,NA,0,0,0,NA,0
"Lowland Andes","EcJivaE",1600,94.1,NA,NA,300,1.6,0,0.0833333333333333,0,0,3,1,NA,1,NA,2.66666666666667,NA,1,NA,NA,NA,2,0.1,0,1,0,0,0,NA,0
"Lowland Andes","EcJivaL",1900,94.1,NA,NA,300,1.6,0,0.0833333333333333,0,0,4,1,NA,1,NA,2.66666666666667,NA,1,NA,NA,NA,2,0.1,0,1,0,0,0,NA,0
"Middle Yellow River Valley","CnYngsh",-5000,80.4,13370.7247555584,NA,246.72569061751,1.58821577545693,0.1,0.18,0.18,0,0.5,1,NA,NA,NA,NA,NA,NA,NA,NA,NA,NA,NA,0,NA,NA,NA,NA,NA,0
"Middle Yellow River Valley","CnLngsh",-3000,51,NA,1587.98928313293,39555.2169168823,3.37355803660415,0.216666666666667,0.6125,0.633333333333333,NA,2.7,NA,NA,NA,NA,NA,NA,NA,NA,NA,NA,NA,NA,0.1,NA,NA,NA,NA,NA,0
"Middle Yellow River Valley","CnErlit",-1800,56.9,NA,12394.9569190445,13415.8048231562,3.14368928585312,0.5125,0.6,0.76,0.9,2,2,NA,NA,NA,NA,NA,2,NA,NA,NA,NA,NA,0.1,3,NA,NA,NA,1,0
"Middle Yellow River Valley","CnErlig",-1600,64.7,2315668.78739493,365416.726678617,765655.921302086,3.20586188685966,0.3875,0.685714285714286,0.7,0.9,1.8,NA,NA,NA,NA,NA,NA,NA,NA,NA,NA,NA,NA,0.1,2.4764234324021,NA,NA,NA,1,0
"Middle Yellow River Valley","CnShang",-1200,68.6,5e+06,1e+06,NA,3.2418626067046,0.555555555555556,0.828571428571429,0.8,0.9,2.7,1,NA,NA,NA,6,NA,4,NA,NA,NA,2,0.1,1,3,0,0,0,1,1
"Middle Yellow River Valley","CnWZhou",-1100,78.4,NA,850000,NA,3.77088402979655,0.855555555555556,0.844444444444444,0.8,0.95,2,2,NA,3,NA,3,NA,NA,NA,NA,NA,3,NA,1,2.0870972726294,NA,1,1,1,1
"Middle Yellow River Valley","CnWZhou",-1000,82.4,5e+06,850000,1e+05,3.77088402979655,0.855555555555556,0.844444444444444,0.8,0.95,2,2,NA,3,NA,3,NA,NA,NA,NA,NA,3,NA,1,2.0870972726294,NA,1,1,1,1
"Middle Yellow River Valley","CnWZhou",-900,82.4,11095072.042207,850000,125000,3.77088402979655,0.855555555555556,0.844444444444444,0.8,0.95,2,2,NA,3,NA,3,NA,NA,NA,NA,NA,3,NA,1,2.0870972726294,NA,1,1,1,1
"Middle Yellow River Valley","CnWZhou",-800,82.4,13500000,850000,125000,3.77088402979655,0.855555555555556,0.844444444444444,0.8,0.95,2,2,NA,3,NA,3,NA,NA,NA,NA,NA,3,NA,1,2.0870972726294,NA,1,1,1,1
"Middle Yellow River Valley","CnJinSA",-700,86.3,NA,160000,NA,3.75,0.84,0.84,0.8,0.8125,3,2,NA,3,NA,3,NA,NA,NA,NA,NA,3,1,1,NA,1,1,1,NA,1
"Middle Yellow River Valley","CnWeiWS",-400,72.5,NA,90000,NA,3.79112786196599,0.8375,0.822222222222222,0.8,0.74,5,2,NA,3,NA,3,NA,NA,NA,NA,NA,3,1,1,NA,1,1,1,NA,1
"Middle Yellow River Valley","CnWeiWS",-300,74.5,16163863,90000,NA,3.79112786196599,0.8375,0.822222222222222,0.8,0.74,5,2,NA,3,NA,3,NA,NA,NA,NA,NA,3,1,1,NA,1,1,1,NA,1
"Middle Yellow River Valley","CnWHan*",-200,92.2,50544142.1567304,2433000,298282.770064318,4.99918546511655,0.79,0.972727272727273,0.857142857142857,0.971428571428571,5.4,2,NA,3,NA,3,NA,2,NA,NA,NA,3,1,1,3,1,1,1,1,1
"Middle Yellow River Valley","CnWHan*",-100,92.2,50544142.1567304,4567000,298282.770064318,4.99918546511655,0.79,0.972727272727273,0.857142857142857,0.971428571428571,5.4,2,NA,3,NA,3,NA,2,NA,NA,NA,3,1,1,3,1,1,1,1,1
"Middle Yellow River Valley","CnWHan*",0,92.2,50544142.1567304,4917000,298282.770064318,4.99918546511655,0.79,0.972727272727273,0.857142857142857,0.971428571428571,5.4,2,NA,3,NA,3,NA,2,NA,NA,NA,3,1,1,3,1,1,1,1,1
"Middle Yellow River Valley","CnEHan*",100,98,48747662.1711557,6500000,420000,4.68703287608115,0.881818181818182,0.975,0.828571428571429,0.85,5,2,NA,2,NA,3,NA,2,NA,NA,NA,3,1,1,1.43516438040575,1,1,1,NA,1
"Middle Yellow River Valley","CnEHan*",200,96.1,NA,2500000,1e+05,4.68703287608115,0.790909090909091,0.975,0.828571428571429,0.85,5,2,NA,2,NA,3,NA,2,NA,NA,NA,3,1,1,1.43516438040575,1,1,1,NA,1
"Middle Yellow River Valley","CnErJin",300,88.2,NA,4500000,6e+05,4.7231300544566,0.75,0.93,0.828571428571429,0.95,5,2,NA,3,NA,3,NA,2,NA,NA,NA,NA,NA,1,1.2931365170856,NA,NA,NA,NA,1
"Middle Yellow River Valley","CnNWei*",400,88.2,NA,5e+05,6e+05,4.14941713342737,0.61,0.86,1,0.957142857142857,4.5,2,NA,3,NA,3,NA,2,NA,NA,NA,NA,0.666666666666667,1,2,1,NA,1,1,1
"Middle Yellow River Valley","CnNWei*",500,90.2,3.2e+07,1773000,6e+05,4.14941713342737,0.61,0.86,1,0.957142857142857,4.5,2,NA,3,NA,3,NA,2,NA,NA,NA,NA,0.666666666666667,1,2,1,NA,1,1,1
"Middle Yellow River Valley","CnSui**",600,94.1,4.6e+07,6225000,5e+05,4.11272241010691,0.745454545454545,0.890909090909091,0.857142857142857,0.95,5,2,NA,3,NA,3,NA,2,NA,NA,NA,NA,0.666666666666667,1,3,1,NA,1,1,1
"Middle Yellow River Valley","CnTangE",700,96.1,4.8e+07,5067000,1e+06,4.45247856217947,0.9,0.883333333333333,0.842857142857143,0.975,5,0.666666666666667,NA,3,NA,3,NA,2,NA,NA,NA,NA,0.666666666666667,1,2,1,NA,1,1,1
"Middle Yellow River Valley","CnTangL",800,96.1,44523565.2847597,3243000,1e+06,3.66010403313838,0.990909090909091,0.9,0.842857142857143,0.95,5,0.666666666666667,NA,3,NA,3,NA,2,NA,NA,NA,NA,0.666666666666667,1,2,1,NA,1,1,1
"Middle Yellow River Valley","CnTangL",900,96.1,80529043.9035844,1500000,1e+06,3.66010403313838,0.990909090909091,0.9,0.842857142857143,0.95,5,0.666666666666667,NA,3,NA,3,NA,2,NA,NA,NA,NA,0.666666666666667,1,2,1,NA,1,1,1
"Middle Yellow River Valley","CnNSong",1000,96.1,82423436.1998741,2943530.57222306,5e+05,5.2111556479563,0.990909090909091,0.991666666666667,0.857142857142857,1,6,2,NA,4,NA,3,NA,2,NA,NA,NA,NA,0.666666666666667,1,2.04429627335286,1,NA,1,1,1
"Middle Yellow River Valley","CnNSong",1100,96.1,82423436.1998741,2250819.58707187,1e+06,5.2111556479563,0.990909090909091,0.991666666666667,0.857142857142857,1,6,2,NA,4,NA,3,NA,2,NA,NA,NA,NA,0.666666666666667,1,2.04429627335286,1,NA,1,1,1
"Middle Yellow River Valley","CnLrJin",1200,86.3,49722411.5963996,3600000,NA,4.25,1,1,0.857142857142857,1,5.4,2,NA,4,NA,3,NA,2,NA,NA,NA,NA,0.666666666666667,1,3,1,NA,1,1,1
"Middle Yellow River Valley","CnYuan*",1300,94.1,64060540.0469622,18167211.6916408,8e+05,5.2,1,0.909090909090909,0.857142857142857,1,6,2,NA,2,NA,3,NA,2,NA,NA,NA,NA,0.666666666666667,1,3,1,NA,1,1,1
"Middle Yellow River Valley","CnMing*",1400,98,62338312.8458774,3900000,150000,5.5,0.818181818181818,0.908333333333333,0.857142857142857,1,6,NA,NA,NA,NA,NA,NA,NA,NA,NA,NA,NA,0.666666666666667,1,3,1,NA,1,1,1
"Middle Yellow River Valley","CnMing*",1500,98,50908700,5235010.92066138,672000,5.5,0.818181818181818,0.908333333333333,0.857142857142857,1,6,NA,NA,NA,NA,NA,NA,NA,NA,NA,NA,NA,0.666666666666667,1,3,1,NA,1,1,1
"Middle Yellow River Valley","CnMing*",1600,98,103781414.197684,3655000,706000,5.5,0.909090909090909,0.908333333333333,0.857142857142857,1,6,NA,NA,NA,NA,NA,NA,NA,NA,NA,NA,NA,0.666666666666667,1,3,1,NA,1,1,1
"Middle Yellow River Valley","CnQingE",1700,96.1,123760270.624732,13100000,784294.12340959,5.8,1,0.925,0.857142857142857,1,6,2,NA,4,NA,6,NA,2,NA,NA,NA,NA,0.666666666666667,1,3,1,NA,1,1,1
"Middle Yellow River Valley","CnQingL",1800,96.1,2.95e+08,11300000,890892,5.8,1,0.925,0.833333333333333,1,6,2,NA,4,NA,6,NA,2,NA,NA,NA,NA,0.666666666666667,1,3,1,NA,1,1,1
"Middle Yellow River Valley","CnQingL",1900,96.1,338830493.877722,11300000,1104372,5.8,1,0.925,0.833333333333333,1,6,2,NA,4,NA,6,NA,2,NA,NA,NA,NA,0.666666666666667,1,3,1,NA,1,1,1
"Niger Inland Delta","MlJeJe1",-200,94.1,216.278615758242,7.94565413035139,120.627082465369,1,0.0909090909090909,0.166666666666667,0.166666666666667,0.0125,0.9,NA,NA,NA,NA,NA,NA,NA,NA,NA,NA,NA,NA,0,NA,NA,NA,NA,NA,0
"Niger Inland Delta","MlJeJe2",100,94.1,2326.5747095369,985.169562852448,1333.33759932395,1.88112365249243,0.0818181818181818,0.158333333333333,0.166666666666667,0.0125,0.9,NA,NA,NA,NA,NA,NA,NA,NA,NA,NA,NA,NA,0,NA,NA,NA,NA,NA,0
"Niger Inland Delta","MlJeJe3",400,88.2,14773.134316601,1100,7768.03460313349,2.383365291596,0.0818181818181818,0.6,0.166666666666667,0.0125,0.9,NA,NA,NA,NA,NA,NA,NA,NA,NA,NA,NA,NA,0,NA,NA,NA,NA,NA,0
"Niger Inland Delta","MlJeJe4",900,86.3,27910.98854817,1100,23614.6662056827,1.83179441054161,0.0818181818181818,0.6,0.166666666666667,0,5,NA,NA,4,NA,4,NA,NA,NA,NA,NA,NA,NA,0,NA,NA,NA,NA,NA,0
"Niger Inland Delta","MrWagdM",1000,94.1,1063373.6918028,382656.945793853,20174.3498205853,3.37297030556122,0.618181818181818,0.645454545454546,0.166666666666667,0,5,NA,NA,NA,NA,NA,NA,NA,NA,NA,NA,NA,NA,0,2.2492561517585,NA,NA,NA,1,0
"Niger Inland Delta","MrWagdL",1100,86.3,1287458.14662869,389771.021568573,14703.8288114872,3.34756604997883,0.627272727272727,0.72,0.816666666666667,0.96,4.5,1.33333333333333,NA,5,NA,5,NA,2,NA,NA,NA,3,1,1,3,1,1,1,1,1
"Niger Inland Delta","MlMali*",1300,88.2,4501099.58999373,1731609.76592738,16042.537233743,3.30962527242051,0.5,0.7,0.8,0.983333333333333,4.5,0.666666666666667,NA,4,NA,5,NA,2,NA,NA,NA,NA,NA,1,2,NA,NA,NA,1,1
"Niger Inland Delta","MlMali*",1400,88.2,4501099.58999373,1731609.76592738,16042.537233743,3.30962527242051,0.59,0.7,0.8,0.983333333333333,4.5,0.666666666666667,NA,4,NA,5,NA,2,NA,NA,NA,3,1,1,2,1,1,1,1,1
"Niger Inland Delta","MlSong2",1500,92.2,4228465.70331317,640816.899888097,60000,3.75958191408467,0.709090909090909,0.866666666666667,0.8,0.975,4.5,1.33333333333333,NA,5,NA,5,NA,2,NA,NA,NA,3,1,1,3,1,1,1,1,1
"Niger Inland Delta","MaSaadi",1600,80.4,2763835.16500632,476000,70000,4,0.966666666666667,0.95,0.98,0.9625,4.5,2,NA,5,NA,5,NA,2,NA,NA,NA,3,1,1,3,1,1,1,1,1
"Niger Inland Delta","MlBaman",1800,64.7,3666920.60703499,391835.545172408,30000,3.8,0.933333333333333,0.92,0.9,0.9,2.7,2,NA,4,NA,4,NA,NA,NA,NA,NA,1,0.9,0.9,3,1,0,1,1,1
"North Colombia","CoNahua",300,52.9,NA,NA,714.750882985391,1.38678560164851,NA,0.5,0.2,0,0.6,NA,NA,NA,NA,NA,NA,NA,NA,NA,NA,NA,NA,0,NA,NA,NA,NA,NA,0
"North Colombia","CoNahua",600,52.9,NA,NA,714.750882985391,1.38678560164851,NA,0.6125,0.2,0,0.6,NA,NA,NA,NA,NA,NA,NA,NA,NA,NA,NA,NA,0,NA,NA,NA,NA,NA,0
"North Colombia","CoNahua",700,52.9,NA,NA,714.750882985391,1.64341660311681,NA,0.6125,0.2,0,0.6,NA,NA,NA,NA,NA,NA,NA,NA,NA,NA,NA,NA,0,NA,NA,NA,NA,NA,0
"North Colombia","CoNahua",800,54.9,NA,NA,714.750882985391,1.64341660311681,NA,0.644444444444444,0.2,0,0.6,NA,NA,NA,NA,NA,NA,NA,NA,NA,NA,NA,NA,0,NA,NA,NA,NA,NA,0
"North Colombia","CoNahua",900,56.9,1661.57955240107,NA,714.750882985391,1.64341660311681,NA,0.644444444444444,0.2,0,0.6,NA,NA,NA,NA,NA,NA,NA,NA,NA,NA,NA,NA,0,NA,NA,NA,NA,NA,0
"North Colombia","CoNahua",1000,56.9,1661.57955240107,NA,170.980373129841,1.64341660311681,NA,0.644444444444444,0.2,0,0.6,NA,NA,NA,NA,NA,NA,NA,NA,NA,NA,NA,NA,0,NA,NA,NA,NA,NA,0
"North Colombia","CoTairo",1100,78.4,1661.57955240107,150,170.980373129841,3.01600196122243,0.9,0.877777777777778,0.18,0,3,4,NA,4,NA,4,NA,NA,NA,NA,NA,2,0.1,0,1,0,0,0,NA,0
"North Colombia","CoTairo",1200,78.4,1661.57955240107,150,2527.19390054406,3.01600196122243,0.9,0.877777777777778,0.18,0,3,4,NA,4,NA,4,NA,NA,NA,NA,NA,2,0.1,0,1,0,0,0,NA,0
"North Colombia","CoTairo",1400,78.4,7429.0421072007,150,3699.85145360632,3.01600196122243,0.9,0.877777777777778,0.18,0,3,4,NA,4,NA,4,NA,NA,NA,NA,NA,2,0.1,0,1,0,0,0,NA,0
"Orkhon Valley","MnXngnE",-1400,84.3,39921.0420842746,586120.925457476,NA,1.98445438961945,0.1,0.075,0.2,0.1,1,NA,NA,NA,NA,NA,NA,NA,NA,NA,NA,NA,NA,0.1,1,NA,NA,NA,NA,0
"Orkhon Valley","MnXngnE",-400,84.3,48772.5191389699,1167745.77654708,NA,1.98445438961945,0.1,0.075,0.2,0.1,1,NA,NA,NA,NA,NA,NA,NA,NA,NA,NA,NA,NA,0.1,1,NA,NA,NA,NA,0
"Orkhon Valley","MnXngnM",-200,82.4,1500000,4e+06,3161.09419873288,3.07855737243206,0.34,0.075,0.78,0.1,1,3,NA,NA,NA,NA,NA,3,NA,NA,NA,NA,NA,1,1,NA,NA,NA,NA,1
"Orkhon Valley","MnXngnL",0,84.3,1261425.6770686,3159048.28785858,4593.25519704586,3.07296909101213,0.318181818181818,0.075,0.58,0.1,1,3,NA,NA,NA,NA,NA,3,NA,NA,NA,NA,NA,1,1,NA,NA,NA,NA,1
"Orkhon Valley","MnXianb",100,90.2,1126543.10934974,1.5e+07,NA,3.13237117717376,0.1,0.07,0.233333333333333,0.1,1,NA,NA,NA,NA,NA,NA,NA,NA,NA,NA,NA,NA,0.1,1,NA,NA,NA,NA,0
"Orkhon Valley","MnRourn",300,88.2,866835.730570702,4e+06,NA,2.51928253977346,0.281818181818182,0.175,0.233333333333333,0.1,1,NA,NA,NA,NA,NA,NA,NA,NA,NA,NA,NA,NA,0.1,1,NA,NA,NA,NA,0
"Orkhon Valley","MnRourn",500,88.2,866835.730570702,4e+06,NA,2.76928253977346,0.281818181818182,0.2875,0.766666666666667,0.4875,1,NA,NA,NA,NA,NA,NA,NA,NA,NA,NA,1,0.666666666666667,0.9,2,1,0,1,1,1
"Orkhon Valley","MnETurk",600,74.5,453774.251099548,4575307.30512148,NA,2.73997553931536,0.236363636363636,0.328571428571429,0.8,0.9,4,2,NA,NA,NA,NA,NA,NA,NA,NA,NA,2,0.633333333333333,1,2,1,0,1,1,1
"Orkhon Valley","MnTurk2",700,82.4,437634.024972781,3623050.65998033,NA,2.67588473235122,0.34,0.4,0.8,0.666666666666667,4,2,NA,NA,NA,NA,NA,NA,NA,NA,NA,2,0.633333333333333,1,2,1,0,1,1,1
"Orkhon Valley","MnUigur",800,84.3,386732.152819324,2185043.74113694,NA,3.50484979286553,0.25,0.6,0.8,0.9,3.6,2,NA,5,NA,5,NA,2,NA,NA,NA,3,1,1,3,1,1,1,1,1
"Orkhon Valley","MnKhit2",1000,84.3,3800000,2355987.75862461,NA,4.33370515702694,0.8625,0.563636363636364,0.95,0.9625,5,NA,NA,2,NA,NA,NA,NA,NA,NA,NA,NA,NA,1,2.51516681390515,NA,NA,NA,1,1
"Orkhon Valley","MnMongE",1200,92.2,117610.173915825,85606.9036207019,500,2.2,0.41,0,0.2,0,1,2,NA,6,NA,6,NA,6,NA,NA,NA,NA,NA,NA,1,NA,NA,NA,1,NA
"Orkhon Valley","MnMngKh",1300,66.7,NA,25221806,NA,4.2,0.875,0.988888888888889,1,1,5,3,NA,1,NA,6,NA,NA,NA,NA,NA,NA,NA,1,3,NA,NA,NA,1,1
"Orkhon Valley","MnMongL",1400,60.8,NA,2956166.15060658,NA,2.76435027322776,0.7,0.633333333333333,0.78,0.92,3.6,2,NA,6,NA,6,NA,NA,NA,NA,NA,1,NA,1,1,NA,0,NA,1,1
"Orkhon Valley","MnMongL",1600,64.7,40519.5024764062,2956166.15060658,NA,3.24616817417538,0.76,0.633333333333333,0.78,0.92,3.6,2,NA,6,NA,6,NA,NA,NA,NA,NA,1,0.666666666666667,1,3.40908950473807,1,0,1,1,1
"Orkhon Valley","MnZungh",1700,80.4,571936.167178277,183211.309735888,NA,3.34801284677317,0.51,0.77,0.975,0.98,5,2,NA,6,NA,3.33333333333333,NA,2,NA,NA,NA,1,0.666666666666667,1,1.32215217863091,1,0,1,1,1
"Oro PNG","PgOrokE",1800,94.1,NA,NA,724.7608901615,1.8,0,0.0833333333333333,0.333333333333333,0,2,2,NA,0.666666666666667,NA,NA,NA,NA,NA,NA,NA,0,0.1,0,1,0,0,0,NA,0
"Oro PNG","PgOrokL",1900,98,9000,22800,774.779419131617,2.2,0.545454545454545,0.325,1,0.25,6,3,NA,0.666666666666667,NA,3,NA,3,NA,NA,NA,0,0.1,1,2,0,0,0,1,1
"Paris Basin","FrBeakr",-3200,90.2,1014.41752805203,NA,960.215973735837,1.3236179451475,0.1,0.35,0.1,0.1,2.7,NA,NA,NA,NA,NA,NA,NA,NA,NA,NA,NA,NA,0.1,NA,NA,NA,NA,NA,0
"Paris Basin","FrAtlBA",-2200,88.2,1722.02407083541,NA,1659.95036650273,1.47090094997841,0.1,0.35,0.1,0.1,1.8,NA,NA,NA,NA,NA,NA,NA,NA,NA,NA,NA,NA,0.1,NA,NA,NA,NA,NA,0
"Paris Basin","FrHallA",-1000,90.2,938.700295395776,1173.29106453824,100,1.5,0.1,0.277777777777778,0.1,0.1,0.9,NA,NA,NA,NA,NA,NA,NA,NA,NA,NA,NA,NA,0.1,1,NA,NA,NA,NA,0
"Paris Basin","FrHallB",-900,88.2,NA,1808.22043458084,388.803609584083,2.25,0.09,0.35,0.233333333333333,0.1,1,NA,NA,NA,NA,NA,NA,NA,NA,NA,NA,NA,NA,0.1,1,NA,NA,NA,NA,0
"Paris Basin","FrHallB",-800,88.2,NA,1808.22043458084,908.891935191612,2.25,0.09,0.35,0.233333333333333,0.1,1,NA,NA,NA,NA,NA,NA,NA,NA,NA,NA,NA,NA,0.1,1,NA,NA,NA,NA,0
"Paris Basin","FrHallC",-700,92.2,3288.66728192423,2826.62595487299,4035.93602205573,2.49315666537639,0.1,0.43,0.233333333333333,0.1,1,NA,NA,NA,NA,NA,NA,NA,NA,NA,NA,NA,NA,0.1,1,NA,NA,NA,NA,0
"Paris Basin","FrHallD",-600,88.2,NA,7565.43267504014,5000,2.47727013234259,0.1,0.51,0.233333333333333,0.1,1,NA,NA,NA,NA,NA,NA,NA,NA,NA,NA,NA,NA,0.1,1,NA,NA,NA,NA,0
"Paris Basin","FrTeneA",-400,84.3,NA,1250,4758.02075888593,2.75,0.18,0.59,0.233333333333333,0.1,1,2,NA,NA,NA,NA,NA,NA,NA,NA,NA,NA,NA,0.1,NA,NA,NA,NA,NA,0
"Paris Basin","FrTeneB",-300,86.3,74314.6040351913,1250,50,3.66666666666667,0.327272727272727,0.609090909090909,0.925,0.1,5,NA,NA,NA,NA,NA,NA,NA,NA,NA,NA,NA,NA,0.9,NA,NA,NA,NA,NA,1
"Paris Basin","FrTeneB",-200,86.3,74314.6040351913,1250,2428.15411607582,3.66666666666667,0.327272727272727,0.609090909090909,0.925,0.1,5,NA,NA,NA,NA,NA,NA,NA,NA,NA,NA,NA,NA,0.9,NA,NA,NA,NA,NA,1
"Paris Basin","FrTeneC",-100,84.3,81615.1726125322,15000,8879.49754203034,3.55395483490709,0.388888888888889,0.654545454545455,0.925,0.1,5,NA,NA,NA,NA,NA,NA,NA,NA,NA,NA,NA,0.9,0.9,2.55995462009722,1,NA,1,1,1
"Paris Basin","FrMervE",500,90.2,1539653.71725146,299905.979051647,23724.8697268903,4.6,0.672727272727273,0.96,0.8,0.928571428571429,5,4,NA,6,NA,6,NA,2,NA,NA,NA,3,0.666666666666667,1,5,1,1,1,1,1
"Paris Basin","FrMervM",600,90.2,995342.902303671,230000,23209.4806134617,4.66062049984796,0.7,0.881818181818182,0.816666666666667,0.971428571428571,5,4,NA,6,NA,6,NA,2.66666666666667,NA,NA,NA,3,0.666666666666667,1,5,1,1,1,1,1
"Paris Basin","FrMervL",700,90.2,872911.202439717,250000,25841.2799118559,4.70745367133162,0.636363636363636,0.881818181818182,0.816666666666667,0.957142857142857,5,4,NA,6,NA,6,NA,2.66666666666667,NA,NA,NA,3,0.666666666666667,1,5,1,1,1,1,1
"Paris Basin","FrCarlE",800,94.1,2e+07,2200000,19880.6942286411,4.84856350332949,0.727272727272727,0.681818181818182,0.816666666666667,0.9625,5,4,NA,6,NA,6,NA,2,NA,NA,NA,3,0.666666666666667,1,5.95480076051964,1,1,1,1,1
"Paris Basin","FrCarlL",900,92.2,4752118.57469806,8e+05,10000,4.80582017734327,0.554545454545455,0.790909090909091,0.816666666666667,0.957142857142857,5,4,NA,6,NA,6,NA,2,NA,NA,NA,3,0.666666666666667,1,6.28956499155606,1,1,1,1,1
"Paris Basin","FrCaptE",1000,92.2,758607.042184117,675000,25000,5.1530667973669,0.390909090909091,0.736363636363636,0.816666666666667,0.971428571428571,4.5,4,NA,6,NA,6,NA,2,NA,NA,NA,3,0.666666666666667,1,6.76533398683452,1,1,1,1,1
"Paris Basin","FrCaptE",1100,92.2,758607.042184117,15465.5373427105,25000,5.26213177363365,0.390909090909091,0.736363636363636,0.816666666666667,0.971428571428571,4.5,4,NA,6,NA,6,NA,2,NA,NA,NA,3,0.666666666666667,1,6.76533398683452,1,1,1,1,1
"Paris Basin","FrCaptL",1200,92.2,1.4e+07,330000,150000,4.56066072932006,0.890909090909091,0.9,0.816666666666667,0.975,5,1,NA,6,NA,6,NA,2,NA,NA,NA,3,0.666666666666667,1,6.17267389849425,1,1,1,1,1
"Paris Basin","FrCaptL",1300,92.2,1.7e+07,350000,2e+05,4.56066072932006,0.809090909090909,0.9,0.816666666666667,0.975,5,1,NA,6,NA,6,NA,2,NA,NA,NA,3,0.666666666666667,1,6.17267389849425,1,1,1,1,1
"Paris Basin","FrValoE",1400,92.2,9500000,340000,150000,4.76359859529697,0.981818181818182,0.9,0.816666666666667,0.95,4.5,1,NA,6,NA,6,NA,2,NA,NA,NA,3,0.666666666666667,1,6.92246742596527,1,1,1,1,1
"Paris Basin","FrValoL",1500,92.2,1.8e+07,459161.16849938,287385.997043451,6.08500890896696,0.881818181818182,0.872727272727273,0.833333333333333,0.9625,5,1,NA,6,NA,6,NA,2,NA,NA,NA,3,0.666666666666667,1,7,1,1,1,1,1
"Paris Basin","FrBurbE",1600,94.1,2.1e+07,2600000,455000,5.97557885598098,0.881818181818182,0.966666666666667,0.816666666666667,0.95,5,1,NA,6,NA,6,NA,2,NA,NA,NA,3,0.666666666666667,1,7,1,1,1,1,1
"Paris Basin","FrBurbL",1700,94.1,25300000,2429650.88152488,530000,6.49344249077555,0.990909090909091,0.975,0.833333333333333,0.975,6,2,NA,6,NA,6,NA,2,NA,NA,NA,3,0.666666666666667,1,6.75978778080256,1,1,1,1,1
"Sogdiana","TjSaraz",-3500,70.6,NA,NA,7743.99032286417,2.88417582019648,0.1,0.390909090909091,0,0,0.9,NA,NA,NA,NA,NA,NA,NA,NA,NA,NA,NA,NA,0,NA,NA,NA,NA,NA,0
"Sogdiana","KzAndro",-2000,64.7,NA,7072.89514731191,250,1.60622969160006,0.1,0.3,0,0,0.9,NA,NA,NA,NA,NA,NA,NA,NA,NA,NA,NA,NA,0,NA,NA,NA,NA,NA,0
"Sogdiana","UzKok01",-1400,80.4,NA,NA,NA,1.12131220161903,0.1,0.08,0,0,0.9,NA,NA,NA,NA,NA,NA,NA,NA,NA,NA,NA,NA,0,1,NA,NA,NA,NA,0
"Sogdiana","UzKok01",-1000,82.4,56404.887851275,NA,NA,1.12131220161903,0.1,0.08,0,0,0.9,NA,NA,NA,NA,NA,NA,NA,NA,NA,NA,NA,NA,0,1,NA,NA,NA,NA,0
"Sogdiana","UzKhw01",-900,43.1,NA,NA,NA,NA,0.1,0.933333333333333,0.15,0,0.4,NA,NA,NA,NA,NA,NA,NA,NA,NA,NA,NA,NA,0,NA,NA,NA,NA,NA,0
"Sogdiana","UzKhw01",-800,45.1,NA,NA,28922.1332713746,NA,0.1,0.933333333333333,0.15,0,0.4,NA,NA,NA,NA,NA,NA,NA,NA,NA,NA,NA,NA,0,NA,NA,NA,NA,NA,0
"Sogdiana","UzKok02",-700,66.7,NA,NA,28922.1332713746,1.40230430563343,0.4,0.333333333333333,0,0,1,NA,NA,NA,NA,NA,NA,NA,NA,NA,NA,NA,NA,0,1,NA,NA,NA,NA,0
"Sogdiana","AfGrBct",-200,90.2,14712032.3335997,641629.598689062,27704.953771879,3.27158337362639,0.7625,0.8,0.814285714285714,0.9375,5,NA,NA,6,NA,6,NA,NA,NA,NA,NA,3,0.5,1,1.08633349450554,1,1,1,1,1
"Sogdiana","AfTochr",-100,66.7,12856460.0335299,11320.5152358148,NA,2.7643144869066,0.5,0.644444444444444,0.94,0.9,5,NA,NA,NA,NA,NA,NA,NA,NA,NA,NA,1,0.55,0.9,2.08999476629143,1,0,1,1,1
"Sogdiana","AfTochr",0,66.7,138963.029449681,11320.5152358148,NA,2.7643144869066,0.5,0.644444444444444,0.94,0.9,5,NA,NA,NA,NA,NA,NA,NA,NA,NA,NA,1,0.55,0.9,2.08999476629143,1,0,1,1,1
"Sogdiana","AfKushn",100,84.3,NA,2347916.21363455,150000,3.94963454747392,0.777777777777778,0.809090909090909,0.833333333333333,1,5,2,NA,NA,NA,NA,NA,2,NA,NA,NA,3,0.55,1,3.39357198079996,1,1,1,1,1
"Sogdiana","AfKushn",200,84.3,NA,2442745.17682075,1e+05,3.94963454747392,0.777777777777778,0.809090909090909,0.833333333333333,1,5,2,NA,NA,NA,NA,NA,2,NA,NA,NA,3,0.55,1,3.39357198079996,1,1,1,1,1
"Sogdiana","AfHepht",500,76.5,26500000,3059261.50888339,NA,2.8917341535839,0.585714285714286,0.914285714285714,0.816666666666667,1,5,2,NA,6,NA,6,NA,NA,NA,NA,NA,1,0.55,1,1,1,0,1,1,1
"Sogdiana","KgWTurk",600,74.5,1860490.57982244,2822906.07471467,NA,3.04036616828388,0.7,0.785714285714286,0.816666666666667,0.925,3.6,2,NA,NA,NA,NA,NA,NA,NA,NA,NA,2,0.633333333333333,1,1.55235484904257,1,0,1,NA,1
"Sogdiana","UzSogdi",700,94.1,46546.9507212775,18733.2920084344,25794.2385105096,2.87009454657937,0.772727272727273,0.79,0.833333333333333,0.975,5,2,NA,NA,NA,NA,NA,2,NA,NA,NA,3,0.55,1,1.71203711255673,1,1,1,NA,1
"Sogdiana","UzSamnd",900,98,6e+06,2500000,130000,4.2809621349298,0.9,0.916666666666667,0.828571428571429,1,5,1.33333333333333,NA,5,NA,5,NA,2,NA,NA,NA,3,1,1,3,1,1,1,1,1
"Sogdiana","KgKarKh",1000,98,2500000,2e+06,2e+05,4,0.881818181818182,0.791666666666667,0.828571428571429,0.975,5,1.33333333333333,NA,5,NA,5,NA,2,NA,NA,NA,3,1,1,3,1,1,1,1,1
"Sogdiana","KgKarKh",1100,92.2,NA,NA,NA,4,0.881818181818182,0.791666666666667,0.828571428571429,0.975,5,1.33333333333333,NA,5,NA,5,NA,2,NA,NA,NA,3,1,1,3,1,1,1,1,1
"Sogdiana","KgKarKh",1200,98,2281666.01012597,1443353.8510042,311037.092504703,4,0.881818181818182,0.791666666666667,0.828571428571429,0.975,5,1.33333333333333,NA,5,NA,5,NA,2,NA,NA,NA,3,1,1,3,1,1,1,1,1
"Sogdiana","UzChagt",1300,88.2,2092097.17233434,3500000,NA,3.2241023883131,0.618181818181818,0.76,0.816666666666667,0.9625,5,1.33333333333333,NA,5,NA,5,NA,2,NA,NA,NA,NA,NA,1,1.37252087885987,NA,NA,NA,1,1
"Sogdiana","UzTimur",1400,96.1,4.9e+07,5500000,150000,4.66237458677275,0.827272727272727,0.881818181818182,0.828571428571429,0.9875,5,1.33333333333333,NA,5,NA,5,NA,2,NA,NA,NA,3,1,1,2.15684815347165,1,1,1,1,1
"Sogdiana","UzTimur",1500,92.2,NA,NA,150000,4.66237458677275,0.827272727272727,0.881818181818182,0.828571428571429,0.9875,5,1.33333333333333,NA,5,NA,5,NA,2,NA,NA,NA,3,1,1,2.15684815347165,1,1,1,1,1
"Sogdiana","UzJanid",1600,78.4,961098.44448836,205936.968131415,NA,4.2904142175155,0.8625,0.857142857142857,0.8,0.9875,5,1.33333333333333,NA,5,NA,5,NA,2,NA,NA,NA,3,1,1,2.49756374405325,1,1,1,1,1
"Sogdiana","UzJanid",1700,78.4,1132487.69369963,205936.968131415,NA,4.2904142175155,0.8625,0.857142857142857,0.8,0.9875,5,1.33333333333333,NA,5,NA,5,NA,2,NA,NA,NA,3,1,1,2.49756374405325,1,1,1,1,1
"Southern China Hills","CnHQngL",1800,70.6,2e+05,10166,NA,2,0.857142857142857,0.6,0,0.125,4,2,NA,NA,NA,NA,NA,1.33333333333333,NA,NA,NA,2,NA,0,1,NA,0,NA,NA,0
"Southern China Hills","CnHChin",1900,92.2,NA,NA,NA,1.5,0.818181818181818,0.583333333333333,1,0.375,4,2,NA,NA,NA,NA,NA,1.33333333333333,NA,NA,NA,2,NA,1,1,NA,0,NA,NA,1
"Susiana","IrPrCer",-7800,84.3,NA,NA,284.180030432429,0.75,0.09,0.181818181818182,0,0,0.9,NA,NA,NA,NA,NA,NA,NA,NA,NA,NA,NA,NA,0,0,NA,NA,NA,NA,0
"Susiana","IrForma",-7200,86.3,NA,NA,345.765789745603,0.75,0.0909090909090909,0.181818181818182,0,0,0.9,NA,NA,NA,NA,NA,NA,NA,NA,NA,NA,NA,NA,0,0,NA,NA,NA,NA,0
"Susiana","IrArcha",-7000,76.5,NA,NA,NA,1,0.1,0.214285714285714,0,0,1,NA,NA,NA,NA,NA,NA,NA,NA,NA,NA,NA,NA,0,1,NA,NA,NA,NA,0
"Susiana","IrKhzE*",-6000,68.6,NA,NA,335.864030337859,1,0.1,0.95,0,0,0.9,NA,NA,NA,NA,NA,NA,NA,NA,NA,NA,NA,NA,0,1,NA,NA,NA,NA,0
"Susiana","IrKhzEM",-5700,82.4,NA,NA,228.724674328157,1.14432710841672,0.0909090909090909,0.3125,0,0,3,NA,NA,NA,NA,NA,NA,NA,NA,NA,NA,NA,NA,0,1,NA,NA,NA,NA,0
"Susiana","IrKhzM*",-5100,82.4,NA,NA,2407.26428559137,1.1681236794405,0.172727272727273,0.3,0,0,2.7,NA,NA,NA,NA,NA,NA,NA,NA,NA,NA,NA,NA,0,1,NA,NA,NA,NA,0
"Susiana","IrKhzM*",-5000,82.4,NA,NA,2407.26428559137,1.4181236794405,0.172727272727273,0.3,0,0,2.7,NA,NA,NA,NA,NA,NA,NA,NA,NA,NA,NA,NA,0,1,NA,NA,NA,NA,0
"Susiana","IrKhzL*",-4700,78.4,NA,NA,1479.51624441984,1.53833576589036,0.154545454545455,0.328571428571429,0,0,2.7,NA,NA,NA,NA,NA,NA,NA,NA,NA,NA,NA,NA,0,NA,NA,NA,NA,NA,0
"Susiana","IrSusa1",-4300,84.3,9298.67905868724,NA,818.386475324452,1.67400984725054,0.245454545454545,0.328571428571429,0.15,0,2.7,NA,NA,NA,NA,NA,NA,NA,NA,NA,NA,NA,NA,0,2,NA,NA,NA,1,0
"Susiana","IrSusa1",-3900,84.3,1033.21516480842,NA,818.386475324452,1.67400984725054,0.245454545454545,0.328571428571429,0.15,0,2.7,NA,NA,NA,NA,NA,NA,NA,NA,NA,NA,NA,NA,0,2,NA,NA,NA,1,0
"Susiana","IrSusa2",-3800,68.6,1033.21516480842,NA,493.284081900064,2.55196540177409,0.571428571428571,0.68,0.98,0.95,2.7,NA,NA,NA,NA,NA,NA,NA,NA,NA,NA,NA,NA,1,2.21668215818948,NA,NA,NA,1,1
"Susiana","IrSusa2",-3700,72.5,13969.6746043529,NA,493.284081900064,2.77598270088705,0.571428571428571,0.68,0.98,0.95,2.7,NA,NA,NA,NA,NA,NA,NA,NA,NA,NA,NA,NA,1,2.21668215818948,NA,NA,NA,1,1
"Susiana","IrSusa2",-3600,72.5,10852.3230207364,NA,3085.30550608278,2.77598270088705,0.571428571428571,0.68,0.98,0.95,2.7,NA,NA,NA,NA,NA,NA,NA,NA,NA,NA,NA,NA,1,2.21668215818948,NA,NA,NA,1,1
"Susiana","IrSusa2",-3500,72.5,19016.8608712195,NA,5000,3.04711945361846,0.571428571428571,0.68,0.98,0.95,2.7,NA,NA,NA,NA,NA,NA,NA,NA,NA,NA,NA,NA,1,2.21668215818948,NA,NA,NA,1,1
"Susiana","IrSusa2",-3400,72.5,21997.2105111716,NA,5000,3.27598270088705,0.571428571428571,0.68,0.98,0.95,2.7,NA,NA,NA,NA,NA,NA,NA,NA,NA,NA,NA,NA,1,2.21668215818948,NA,NA,NA,1,1
"Susiana","IrSusa2",-3300,72.5,22755.8251703915,NA,5000,3.27598270088705,0.571428571428571,0.68,0.98,0.95,2.7,NA,NA,NA,NA,NA,NA,NA,NA,NA,NA,NA,NA,1,2.21668215818948,NA,NA,NA,1,1
"Susiana","IrSusa2",-3200,72.5,6900,NA,2756.12653005275,3.27598270088705,0.571428571428571,0.68,0.98,0.95,2.7,NA,NA,NA,NA,NA,NA,NA,NA,NA,NA,NA,NA,1,2.21668215818948,NA,NA,NA,1,1
"Susiana","IrSusa3",-3100,68.6,6900,NA,2756.12653005275,3.10500929762058,0.428571428571429,0.725,0.98,0.9,2.7,NA,NA,NA,NA,NA,NA,NA,NA,NA,NA,NA,NA,1,2.02175385008498,NA,NA,NA,1,1
"Susiana","IrSusa3",-3000,66.7,NA,NA,4869.94127782961,2.87384185234922,0.428571428571429,0.725,0.98,0.9,2.7,NA,NA,NA,NA,NA,NA,NA,NA,NA,NA,NA,NA,1,2.02175385008498,NA,NA,NA,1,1
"Susiana","IrAwanE",-2600,70.6,NA,277589.225244611,2302.76580095089,3.49556285281625,0.5125,0.825,0.98,0.925,2.7,NA,NA,6,NA,6,NA,NA,NA,NA,NA,NA,NA,1,2.47455997763709,NA,NA,NA,1,1
"Susiana","IqAkkad",-2200,82.4,NA,NA,26860.1795521016,4.80699712321441,0.71,0.966666666666667,0.833333333333333,0.985714285714286,3,NA,NA,NA,NA,6,NA,NA,NA,NA,NA,2,0.9,1,4,1,0,1,1,1
"Susiana","IqUrIII",-2100,51,204965.799924246,NA,NA,4.31929873876524,1,1,1,1,3,3,NA,2,NA,NA,NA,NA,NA,NA,NA,NA,NA,1,4,NA,NA,NA,1,1
"Susiana","IrShima",-2000,51,NA,NA,NA,3.40742111833965,0.9,0.925,0.842857142857143,0.9,3,NA,NA,6,NA,6,NA,NA,NA,NA,NA,NA,NA,1,2.26396294981312,NA,NA,NA,1,1
"Susiana","IrSukkE",-1900,58.8,NA,NA,18643.0922509269,3.98234376056878,0.92,0.957142857142857,0.98,0.9,3,NA,NA,NA,NA,6,NA,NA,NA,NA,NA,NA,NA,1,2.29129166120868,NA,NA,NA,1,1
"Susiana","IrSukkE",-1800,58.8,NA,NA,16517.529794295,3.98234376056878,0.92,0.957142857142857,0.98,0.9,3,NA,NA,NA,NA,6,NA,NA,NA,NA,NA,NA,NA,1,2.29129166120868,NA,NA,NA,1,1
"Susiana","IrSukkL",-1700,60.8,NA,NA,20116.2311470239,3.55928719689738,0.9,0.914285714285714,0.842857142857143,0.9,2.7,NA,NA,NA,NA,6,NA,NA,NA,NA,NA,NA,NA,1,2.1422175454811,NA,NA,NA,1,1
"Susiana","IrSukkL",-1600,60.8,NA,NA,11309.2098265732,3.55928719689738,0.9,0.914285714285714,0.842857142857143,0.9,2.7,NA,NA,NA,NA,6,NA,NA,NA,NA,NA,NA,NA,1,2.1422175454811,NA,NA,NA,1,1
"Susiana","IrMElm1",-1500,60.8,NA,240533.373480077,17146.9929337043,3.75246976303072,0.92,0.916666666666667,0.842857142857143,1,1,2,NA,6,NA,4,NA,2,NA,NA,NA,NA,NA,1,4.08860091971819,NA,NA,NA,1,1
"Susiana","IrMElm2",-1400,58.8,NA,310573.692121379,NA,3.58934207399067,0.9,0.9,0.98,0.966666666666667,1,2,NA,6,NA,4,NA,2,NA,NA,NA,NA,NA,1,3.35065468206369,NA,NA,NA,1,1
"Susiana","IrMElm2",-1300,60.8,NA,310573.692121379,11645.1478836242,3.58934207399067,0.9,0.9,0.98,0.966666666666667,1,2,NA,6,NA,4,NA,2,NA,NA,NA,NA,NA,1,3.35065468206369,NA,NA,NA,1,1
"Susiana","IrMElm3",-1200,66.7,NA,247082.588967295,18757.8800503515,3.70892661852185,0.95,0.928571428571429,0.842857142857143,1,3,2,NA,6,NA,4,NA,2,NA,NA,NA,NA,NA,1,3.12374102272181,NA,NA,NA,1,1
"Susiana","IrNElm1",-900,35.3,NA,NA,NA,3.25076679206007,0.9,0.6,0.76,NA,2.7,2,NA,6,NA,4,NA,2,NA,NA,NA,NA,NA,0.9,NA,NA,NA,NA,1,1
"Susiana","IrNElm2",-700,58.8,NA,329957.576514722,NA,3.61172177374465,0.725,0.95,0.842857142857143,NA,2.7,2,NA,6,NA,4,NA,2,NA,NA,NA,NA,NA,1,NA,NA,NA,NA,1,1
"Susiana","IrNElm3",-600,41.2,NA,NA,NA,2,0.9,0.9,0.842857142857143,1,2.7,2,NA,6,NA,4,NA,2,NA,NA,NA,NA,NA,1,NA,NA,NA,NA,1,1
"Susiana","IrAchae",-500,98,21948915.8912228,5500000,2e+05,5.14356770207756,0.972727272727273,0.891666666666667,0.828571428571429,0.925,5,2,NA,4,NA,4,NA,2,NA,NA,NA,3,NA,1,4.2232100560946,NA,1,1,1,1
"Susiana","IrAchae",-400,98,25507799.8374624,3800000,2e+05,5.14356770207756,0.972727272727273,0.891666666666667,0.828571428571429,0.925,5,2,NA,4,NA,4,NA,2,NA,NA,NA,3,NA,1,4.2232100560946,NA,1,1,1,1
"Susiana","IrSeleu",-300,92.2,1.6e+07,3600000,87773.8249098978,4.41500099863687,0.9875,0.9,0.828571428571429,0.9375,5,2,NA,6,NA,6,NA,2,NA,NA,NA,3,0.5,1,4,1,1,1,1,1
"Susiana","IrSeleu",-200,92.2,89724.4472135952,280000,87773.8249098978,4.41500099863687,0.9875,0.9,0.828571428571429,0.9375,5,2,NA,6,NA,6,NA,2,NA,NA,NA,3,0.5,1,4,1,1,1,1,1
"Susiana","IrPart1",-100,90.2,5450000,2e+06,3e+05,4.34249043762862,0.677777777777778,0.916666666666667,0.816666666666667,0.9875,5,2,NA,6,NA,6,NA,2,NA,NA,NA,3,NA,1,3,NA,1,1,1,1
"Susiana","IrPart1",0,90.2,7500000,3e+06,4e+05,4.34249043762862,0.677777777777778,0.916666666666667,0.816666666666667,0.9875,5,2,NA,6,NA,6,NA,2,NA,NA,NA,3,NA,1,3,NA,1,1,1,1
"Susiana","IrElym2",100,62.7,NA,NA,13793.7258115085,4,0.9,0.925,1,0.925,5,NA,NA,NA,NA,NA,NA,NA,NA,NA,NA,NA,NA,1,NA,NA,NA,NA,NA,1
"Susiana","IrSasn1",300,98,5e+06,2636726.59301674,1e+05,5.09065608321527,0.454545454545455,0.9,0.771428571428571,0.925,5,2,NA,6,NA,6,NA,2,NA,NA,NA,3,0.7,0.9,3.85543322115667,1,1,1,1,1
"Susiana","IrSasn1",400,98,5e+06,3144358.91435968,250000,5.09065608321527,0.454545454545455,0.9,0.771428571428571,0.925,5,2,NA,6,NA,6,NA,2,NA,NA,NA,3,0.7,0.9,3.85543322115667,1,1,1,1,1
"Susiana","IrSasn2",500,92.2,8900000,3450000,4e+05,5.47567179538609,0.427272727272727,0.97,0.814285714285714,0.975,5,2,NA,6,NA,6,NA,2,NA,NA,NA,3,0.7,1,5.01181239519222,1,1,1,1,1
"Susiana","IrSasn2",600,92.2,22100000,2600000,5e+05,5.47567179538609,0.609090909090909,0.97,0.814285714285714,0.975,5,2,NA,6,NA,6,NA,2,NA,NA,NA,3,0.7,1,5.01181239519222,1,1,1,1,1
"Susiana","SyCalUm",700,98,29537723.4172015,9e+06,349078.145647681,3.64854644359658,0.645454545454546,0.908333333333333,0.842857142857143,1,5,1.33333333333333,NA,5,NA,5,NA,2,NA,NA,NA,3,1,1,2,1,1,1,1,1
"Susiana","IqAbbs1",800,98,35307424.4091015,8300000,7e+05,4.4,0.554545454545455,0.908333333333333,0.857142857142857,1,5,1.33333333333333,NA,5,NA,5,NA,2,NA,NA,NA,3,1,1,2,1,1,1,1,1
"Susiana","IqAbbs1",900,98,10031606.2221795,1e+06,3e+05,4.4,0.554545454545455,0.908333333333333,0.857142857142857,1,5,1.33333333333333,NA,5,NA,5,NA,2,NA,NA,NA,3,1,1,2,1,1,1,1,1
"Susiana","IrBuyid",1000,92.2,5556849.93253029,9e+05,125000,4.51967878287886,0.77,0.98,0.814285714285714,0.9625,5,1.33333333333333,NA,5,NA,5,NA,2,NA,NA,NA,3,1,1,3,1,1,1,1,1
"Susiana","IrSeljq",1100,90.2,12100000,4309969.04922857,693328.335262155,4.24407398268214,0.827272727272727,0.825,0.828571428571429,1,5,1.33333333333333,NA,5,NA,5,NA,2,NA,NA,NA,3,1,1,4.22036991341071,1,1,1,1,1
"Susiana","IqAbbs2",1200,90.2,3900000,750000,1e+06,3.69236224488582,0.888888888888889,0.845454545454545,0.828571428571429,1,5,1.33333333333333,NA,5,NA,5,NA,2,NA,NA,NA,3,1,1,2,1,1,1,1,1
"Susiana","IrIlkhn",1300,80.4,5250000,3800000,209457.862001042,4.32489746344846,0.709090909090909,0.9875,0.828571428571429,1,NA,1.33333333333333,NA,5,NA,5,NA,2,NA,NA,NA,NA,1,1,3,1,NA,1,1,1
"Susiana","IrAkKoy",1500,88.2,NA,1800000,NA,4.00410106296265,0.744444444444444,0.85,0.828571428571429,0.9625,5,1.33333333333333,NA,5,NA,5,NA,2,NA,NA,NA,3,1,1,3.20743078872928,1,1,1,1,1
"Susiana","IrSafvd",1600,98,9e+06,2700000,2e+05,4.93869556487055,0.809090909090909,0.825,0.842857142857143,1,5,2,NA,5,NA,5,NA,2,NA,NA,NA,3,1,1,5.22690029064637,1,1,1,1,1
"Upper Egypt","EgBadar",-4400,90.2,NA,NA,68.2352840096298,1.48213525967303,0.1,0.245454545454545,0.228571428571429,0.1,0.9,NA,NA,NA,NA,NA,NA,NA,NA,NA,NA,NA,NA,0.1,1,NA,NA,NA,NA,0
"Upper Egypt","EgNaqa1",-3800,94.1,NA,5.77442473828554,176.008983466862,1.42478677131983,0.1,0.318181818181818,0.25,0.1,3,NA,NA,NA,NA,NA,NA,NA,NA,NA,NA,NA,NA,0.1,1,NA,NA,NA,NA,0
"Upper Egypt","EgNaqa1",-3700,94.1,NA,6957.78602415076,1782.5195825767,1.68732394854736,0.1,0.318181818181818,0.25,0.1,3,NA,NA,NA,NA,NA,NA,NA,NA,NA,NA,NA,NA,0.1,1,NA,NA,NA,NA,0
"Upper Egypt","EgNaqa1",-3600,94.1,NA,6957.78602415076,13000,1.67478677131983,0.1,0.318181818181818,0.25,0.1,3,NA,NA,NA,NA,NA,NA,NA,NA,NA,NA,NA,NA,0.1,1,NA,NA,NA,NA,0
"Upper Egypt","EgNaqa2",-3500,94.1,13000,12919.8647149778,14459.1594250828,2.2861988148016,0.163636363636364,0.366666666666667,0.483333333333333,0.1,3,NA,NA,NA,NA,NA,NA,NA,NA,NA,NA,NA,NA,0,NA,NA,NA,NA,NA,0
"Upper Egypt","EgNaqa2",-3400,94.1,50000,12919.8647149778,14459.1594250828,2.2861988148016,0.163636363636364,0.366666666666667,0.483333333333333,0.1,3,NA,NA,NA,NA,NA,NA,NA,NA,NA,NA,NA,NA,0,NA,NA,NA,NA,NA,0
"Upper Egypt","EgNaqa3",-3300,80.4,50000,4630.21968804544,8824.42693860137,2.33871090560061,0.136363636363636,0.390909090909091,0.65,NA,3,NA,NA,NA,NA,NA,NA,2,NA,NA,NA,NA,NA,1,2,NA,NA,NA,1,1
"Upper Egypt","EgNaqa3",-3200,80.4,50000,4630.21968804544,8824.42693860137,2.33871090560061,0.218181818181818,0.390909090909091,0.65,NA,3,NA,NA,NA,NA,NA,NA,2,NA,NA,NA,NA,NA,1,2,NA,NA,NA,1,1
"Upper Egypt","EgDyn1*",-3100,94.1,992647.575731699,90341.5378696275,14427.2511026911,3.77592630995849,0.245454545454545,0.727272727272727,0.833333333333333,0.685714285714286,2.7,NA,NA,NA,NA,NA,NA,NA,NA,NA,NA,NA,NA,1,3,NA,NA,NA,1,1
"Upper Egypt","EgDyn2*",-2900,92.2,1119708.5960193,1e+05,8027.32259597413,3.7574893834401,0.254545454545455,0.727272727272727,0.816666666666667,0.7,2.7,NA,NA,NA,NA,NA,NA,NA,NA,NA,NA,3,1,1,3,1,1,1,1,1
"Upper Egypt","EgDyn2*",-2800,92.2,1119708.5960193,267000,8027.32259597413,3.7574893834401,0.254545454545455,0.727272727272727,0.816666666666667,0.7,2.7,NA,NA,NA,NA,NA,NA,NA,NA,NA,NA,3,1,1,3,1,1,1,1,1
"Upper Egypt","EgDyn2*",-2700,92.2,1119708.5960193,3e+05,8027.32259597413,3.7574893834401,0.254545454545455,0.727272727272727,0.816666666666667,0.7,2.7,NA,NA,NA,NA,NA,NA,NA,NA,NA,NA,3,1,1,3,1,1,1,1,1
"Upper Egypt","EgOldK1",-2600,94.1,1222546.32731269,298679.791465677,30000,4.5036469363511,0.58,0.741666666666667,0.833333333333333,0.825,2.7,1,NA,6,NA,6,NA,NA,NA,NA,NA,3,1,1,6,1,1,1,1,1
"Upper Egypt","EgOldK2",-2300,94.1,1500000,298983.711488837,39156.2421007529,4.96130456884189,0.67,0.666666666666667,0.833333333333333,0.8625,2.7,1,NA,6,NA,6,NA,NA,NA,NA,NA,3,1,1,6,1,1,1,1,1
"Upper Egypt","EgRegns",-2100,88.2,NA,37739.0321833183,NA,3.38128236677671,0.58,0.7,0.816666666666667,0.9125,1,NA,NA,6,NA,6,NA,2,NA,NA,NA,3,1,1,3,1,1,1,1,1
"Upper Egypt","EgMidKg",-2000,92.2,2169877.13733844,238000,30000,4.8549535637752,0.7,0.741666666666667,0.833333333333333,1,2.7,NA,NA,2,NA,6,NA,2,NA,NA,NA,3,1,1,4,1,1,1,1,1
"Upper Egypt","EgMidKg",-1900,92.2,2169877.13733844,413000,30000,4.8549535637752,0.7,0.741666666666667,0.833333333333333,1,2.7,NA,NA,2,NA,6,NA,2,NA,NA,NA,3,1,1,4,1,1,1,1,1
"Upper Egypt","EgMidKg",-1800,92.2,2169877.13733844,450000,30000,4.8549535637752,0.7,0.741666666666667,0.833333333333333,1,2.7,NA,NA,2,NA,6,NA,2,NA,NA,NA,3,1,1,4,1,1,1,1,1
"Upper Egypt","EgThebH",-1700,88.2,NA,14074.8690060682,65919.3583334954,4.96662860818403,0.554545454545455,0.65,0.833333333333333,0.98,2.7,NA,NA,2,NA,6,NA,2,NA,NA,NA,3,1,1,3.41020938538914,1,1,1,1,1
"Upper Egypt","EgNKThu",-1500,96.1,4500000,650000,60000,4.79095989977721,0.790909090909091,0.75,0.833333333333333,0.9875,2.7,2,NA,2,NA,6,NA,2,NA,NA,NA,3,1,1,5,1,1,1,1,1
"Upper Egypt","EgNKThu",-1400,96.1,4500000,9e+05,80000,4.79095989977721,0.790909090909091,0.75,0.833333333333333,0.9875,2.7,2,NA,2,NA,6,NA,2,NA,NA,NA,3,1,1,5,1,1,1,1,1
"Upper Egypt","EgNKThu",-1300,96.1,4500000,1e+06,80000,4.79095989977721,0.790909090909091,0.75,0.833333333333333,0.9875,2.7,2,NA,2,NA,6,NA,2,NA,NA,NA,3,1,1,5,1,1,1,1,1
"Upper Egypt","EgNKRam",-1200,98,2294869.39982138,746000,267744.23766721,4.87176175855768,0.790909090909091,0.766666666666667,0.857142857142857,0.875,3,2,NA,2,NA,6,NA,2,NA,NA,NA,3,1,1,5,1,1,1,1,1
"Upper Egypt","EgNKRam",-1100,98,2294869.39982138,567000,267744.23766721,4.87176175855768,0.790909090909091,0.766666666666667,0.857142857142857,0.875,3,2,NA,2,NA,6,NA,2,NA,NA,NA,3,1,1,5,1,1,1,1,1
"Upper Egypt","EgThebL",-1000,84.3,NA,205880.991485841,120000,4.15611683088328,0.816666666666667,0.708333333333333,0.816666666666667,0.925,2.7,2,NA,2,NA,6,NA,2,NA,NA,NA,3,1,1,3.89143922256626,1,1,1,1,1
"Upper Egypt","EgThebL",-900,84.3,NA,205880.991485841,1e+05,4.15611683088328,0.816666666666667,0.708333333333333,0.816666666666667,0.925,2.7,2,NA,2,NA,6,NA,2,NA,NA,NA,3,1,1,3.89143922256626,1,1,1,1,1
"Upper Egypt","SdKusht",-700,86.3,2665677.75512573,666323.982150842,65000,4.61922732878916,0.742857142857143,0.8,0.833333333333333,0.925,2.7,2,NA,2,NA,6,NA,2,NA,NA,NA,3,1,1,6,1,1,1,1,1
"Upper Egypt","EgSaite",-600,90.2,2278427.14978613,349714.96354686,38941.440605693,4.36739449465871,0.663636363636364,0.977777777777778,0.833333333333333,0.9375,3,2,NA,2,NA,6,NA,2,NA,NA,NA,3,1,1,3,1,1,1,1,1
"Upper Egypt","EgIntOc",-400,96.1,3090469.19406767,576786.646251689,58732.4836147235,4.67054979107825,0.645454545454546,0.858333333333333,1,0.925,5,NA,NA,2,NA,6,NA,2,NA,NA,NA,3,1,1,2.68352650464434,1,1,1,1,1
"Upper Egypt","EgPtol1",-300,98,7e+06,1e+06,160000,4.8,1,0.916666666666667,1,0.9625,5,2,NA,2,NA,6,NA,NA,NA,NA,NA,3,1,1,1,1,1,1,1,1
"Upper Egypt","EgPtol2",-200,98,4e+06,640000,3e+05,4.56974608559741,1,0.916666666666667,1,0.9625,5,2,NA,2,NA,6,NA,NA,NA,NA,NA,3,1,1,1,1,1,1,1,1
"Upper Egypt","EgPtol2",-100,98,4e+06,373000,5e+05,4.56974608559741,1,0.916666666666667,1,0.9625,5,2,NA,2,NA,6,NA,NA,NA,NA,NA,3,1,1,1,1,1,1,1,1
"Upper Egypt","EgTulIk",900,96.1,6500000,861468.852839964,150000,4.2,0.6,0.9,0.857142857142857,0.9375,5,1.33333333333333,NA,5,NA,5,NA,2,NA,NA,NA,3,1,1,2,1,1,1,1,1
"Upper Egypt","TnFatim",1000,98,13532293.6993464,1400000,120000,5.38127273289694,0.9,0.925,0.857142857142857,1,5,1.33333333333333,NA,6,NA,6,NA,2,NA,NA,NA,3,1,1,5.32481291855425,1,1,1,1,1
"Upper Egypt","TnFatim",1100,98,4227167.07822823,631000,120000,5.38127273289694,0.9,0.925,0.857142857142857,1,5,1.33333333333333,NA,6,NA,6,NA,2,NA,NA,NA,3,1,1,5.32481291855425,1,1,1,1,1
"Upper Egypt","EgAyyub",1200,98,9279081.71787358,1629837.76123175,2e+05,4.74652230257079,0.718181818181818,0.909090909090909,0.857142857142857,1,5,1.33333333333333,NA,5,NA,5,NA,2,NA,NA,NA,3,1,1,4,1,1,1,1,1
"Upper Egypt","EgMamBh",1300,98,7028791.1206467,2100000,2e+05,5.6,0.9,0.991666666666667,0.857142857142857,0.9875,5,1.33333333333333,NA,5,NA,5,NA,2,NA,NA,NA,3,1,1,3,1,1,1,1,1
"Upper Egypt","EgMamCP",1400,98,4800000,2100000,277583.315607999,5.62276448080965,0.9,0.991666666666667,0.857142857142857,1,5,1.33333333333333,NA,5,NA,5,NA,2,NA,NA,NA,3,1,1,3.11382240404827,1,1,1,1,1
"Upper Egypt","EgMamBu",1500,98,6e+06,2100000,167184.775736969,5.41384287469834,0.9,0.966666666666667,0.857142857142857,0.9875,5,1.33333333333333,NA,5,NA,5,NA,2,NA,NA,NA,3,1,1,4.0692143734917,1,1,1,1,1
"Valley of Oaxaca","MxTieLa",-1400,86.3,233.807811559601,NA,152.877055110405,1,0.1,0.109090909090909,0,0,0,NA,NA,4,NA,4,NA,NA,NA,NA,NA,NA,NA,0,1,NA,NA,NA,NA,0
"Valley of Oaxaca","MxSanGu",-1100,86.3,NA,NA,1329.31301151713,1.33333333333333,0.0454545454545455,0.02,0,0,0,NA,NA,4,NA,4,NA,NA,NA,NA,NA,NA,NA,0,1,NA,NA,NA,NA,0
"Valley of Oaxaca","MxRosar",-700,88.2,1873.5903660899,394.122252601379,1000,1.66666666666667,0.03,0.0272727272727273,0.5,0.125,0,NA,NA,4,NA,4,NA,NA,NA,NA,NA,NA,NA,1,1,NA,NA,NA,NA,1
"Valley of Oaxaca","MxAlb1E",-500,94.1,8464.65288763289,1300,2000,1.49562445247059,0,0,0.5,0.125,0,NA,NA,4,NA,4,NA,NA,NA,NA,NA,NA,NA,1,1,NA,NA,NA,NA,1
"Valley of Oaxaca","MxAlb1E",-400,94.1,8464.65288763289,1300,5280,1.49562445247059,0,0,0.5,0.125,0,NA,NA,4,NA,4,NA,NA,NA,NA,NA,NA,NA,1,1,NA,NA,NA,NA,1
"Valley of Oaxaca","MxAlb1L",-300,84.3,50000,5000,5280,2.33333333333333,0.64,0.25,0.333333333333333,0.125,0,NA,NA,4,NA,4,NA,NA,NA,NA,NA,NA,NA,1,1,NA,NA,NA,NA,1
"Valley of Oaxaca","MxAlb2*",-100,96.1,49910.5613730024,20000,14500,3.02465851172937,0.5,0.25,0.166666666666667,0.125,0,NA,NA,4,NA,4,NA,NA,NA,NA,NA,NA,NA,1,3.09863404691746,NA,NA,NA,1,1
"Valley of Oaxaca","MxAlb3A",200,88.2,NA,13606.6631502782,16273.9893578782,2.77407751089869,0.375,0.190909090909091,0.3,0.125,0,NA,NA,2,NA,NA,NA,NA,NA,NA,NA,NA,NA,0,2.73487233089441,NA,NA,NA,1,0
"Valley of Oaxaca","MxAlb3B",500,78.4,8976.36387375816,NA,25722.9410222902,2.78184299590284,0.64,0.0444444444444444,0.557142857142857,0.125,0.9,NA,NA,NA,NA,NA,NA,NA,NA,NA,NA,NA,NA,1,3,NA,NA,NA,1,1
"Valley of Oaxaca","MxAlb3B",700,78.4,8976.36387375816,NA,25722.9410222902,2.53184299590284,0.64,0.0444444444444444,0.557142857142857,0.125,0.9,NA,NA,NA,NA,NA,NA,NA,NA,NA,NA,NA,NA,1,3,NA,NA,NA,1,1
"Valley of Oaxaca","MxAlb5*",900,76.5,9557.13965876764,NA,8140.84834600299,2.37465585968794,0.7,0.05,0.56,0.125,0,2,NA,5,NA,5,NA,2,NA,NA,NA,NA,NA,0.9,3,NA,NA,NA,1,1
"Valley of Oaxaca","MxAlb5*",1000,76.5,9557.13965876764,NA,8140.84834600299,2.44127384833765,0.7,0.05,0.56,0.125,0,2,NA,5,NA,5,NA,2,NA,NA,NA,NA,NA,0.9,3,NA,NA,NA,1,1
"Yemeni Coastal Plain","YeHmyr2",400,78.4,357370.829079542,267782.835039066,20697.1846478974,4,0.62,0.78,1,0.85,5,2.5,NA,2,NA,NA,NA,NA,NA,NA,NA,3,1,1,3,1,1,1,1,1
"Yemeni Coastal Plain","YeZiyad",900,33.3,NA,NA,NA,3.16400900851956,0.92,0.9,0.9,0.9,3.6,NA,NA,NA,NA,NA,NA,NA,NA,NA,NA,3,1,0.9,NA,1,1,1,NA,1
"Yemeni Coastal Plain","YeWarLd",1100,56.9,NA,NA,NA,4.01826138532711,0.975,0.96,0.966666666666667,0.985714285714286,5,NA,NA,NA,NA,NA,NA,NA,NA,NA,NA,3,1,1,3.81672241413238,1,1,1,1,1
"Yemeni Coastal Plain","YeRasul",1300,70.6,NA,NA,50000,4.33250378436152,0.977777777777778,0.95,1,1,4.5,NA,NA,NA,NA,NA,NA,NA,NA,NA,NA,3,1,1,3.99751135308455,1,1,1,1,1
"Yemeni Coastal Plain","YeTahir",1500,72.5,NA,NA,NA,4.13770698598445,0.888888888888889,0.966666666666667,1,1,5,NA,NA,NA,NA,NA,NA,NA,NA,NA,NA,3,1,1,3.41312095795336,1,1,1,1,1
"Yemeni Coastal Plain","YeQasmi",1700,88.2,NA,NA,NA,2.8,0.572727272727273,0.272727272727273,0.833333333333333,0.814285714285714,5,2,NA,5,NA,5,NA,0,NA,NA,NA,3,1,1,3,1,1,1,1,1
