"","PC1","PC2","PC3","PC4","PC5","PC6","PC7","PC8","PC9"
"PolPop",0.352658488298723,-0.325361355526815,0.116511428066573,-0.0423824016500401,-0.127977760830606,0.0630703998309154,0.0436051050825134,-0.764202770654213,-0.384886133361538
"PolTerr",0.319200397693034,-0.522867771335545,0.353845612885944,0.303874920730807,-0.151966223505848,-0.336491671867003,0.355751493569789,0.332253732497188,0.184124056943944
"CapPop",0.335398789378257,-0.397424543403891,-0.135614003115799,-0.097876807563528,-0.13820382276567,0.536844845099053,-0.547021928457663,0.270086171199424,0.148688071682676
"levels",0.330292296926813,-0.162910396352806,-0.264459412609518,-0.202375569210454,0.849678159977538,-0.156123887280373,0.0757128961181036,0.0352150074834016,0.0131288349429023
"government",0.332170663881881,0.161220545195065,-0.487749362737021,0.0469549096166952,-0.323833157863192,-0.632171389581863,-0.343988683445403,-0.0193709160405393,0.0188243143708049
"infrastr",0.336879196369378,0.208677653475144,-0.42989796358476,-0.14603654487064,-0.258976314327558,0.337200290067593,0.646402940063803,0.0192750694112993,0.194540628746944
"writing",0.331865618689066,0.402166405106994,0.260297695935439,0.476123620054072,0.185108777100407,0.12974679578574,-0.162837451945302,-0.295477291984741,0.518417250332007
"texts",0.348154556132165,0.344640195221021,0.106603899998394,0.325320370076525,0.0645078847774503,0.148610165766544,-0.00143964975477323,0.36394763229101,-0.695778417307959
"money",0.311426429039362,0.293615579077782,0.520631778384238,-0.706590081570743,-0.0954542581758018,-0.133994439164458,-0.0623775053395813,0.104419711371769,0.0679413317111398
"PolPop",0.349917645140425,-0.363342462989077,0.0817453836750221,-0.00314192099908774,0.142167313954556,-0.0488225133024542,0.00830599393632207,0.846119740597501,-0.0162766354752653
"PolTerr",0.320239982118108,-0.498569084917198,0.421548006985565,0.23712749214902,0.117773453482802,0.366411906479796,-0.348151753763936,-0.381579518593916,0.00148575796893679
"CapPop",0.335810254603091,-0.36903416565167,-0.171122448478377,-0.158009575397005,0.274862096041856,-0.539114443104287,0.445739551305744,-0.362699999379668,0.0191506512260491
"levels",0.32955258762953,-0.197736527804785,-0.272087339868664,-0.14473723809511,-0.863331660804149,-0.0137222056680259,-0.0935257241201506,-0.0498117546179627,0.0235974893710275
"government",0.333570487048717,0.149372094059711,-0.450578633034793,0.236074096193674,0.139686969238361,0.628142035394515,0.439115998344073,-0.0205771509047878,0.0185870680716747
"infrastr",0.334568037825098,0.248326166217255,-0.476142836965221,-0.00639537628386556,0.303860272862708,-0.178988355885675,-0.672389559514036,-0.0376942257678666,0.147475319426771
"writing",0.333300514157156,0.393601420925197,0.389694503427346,0.346143011571004,-0.14177354071282,-0.217713521463822,0.158259979240298,0.0162175520133854,0.607868204424641
"texts",0.348681334503995,0.354485213650409,0.195469136961724,0.251651097908721,-0.0702239024919955,-0.196152425817935,0.0145802200593765,-0.0245752939063753,-0.779102947732507
"money",0.312662138464981,0.282073429702779,0.304133953904263,-0.811744816750577,0.0902911511924331,0.245054678669826,0.0331839502481199,-0.0416500570615778,0.0144799398623898
"PolPop",0.352713494989447,-0.340354378779738,0.101525377491796,-0.0342005479501268,0.170153455428263,-0.00197270053305774,0.0395574308425624,-0.733767440180018,-0.423484912361794
"PolTerr",0.322626837599201,-0.467947363256057,0.3606051523662,0.33703628790031,0.13179162789293,-0.462117892173034,0.222680099762102,0.351866881699534,0.17026140164947
"CapPop",0.331288186211106,-0.420654000053601,-0.101637172697237,-0.18743227805516,0.227084498587697,0.658832415957108,-0.262816227739547,0.269943448981869,0.200668929231333
"levels",0.330306135600835,-0.191327897107841,-0.192196590031764,-0.149913009982905,-0.888450695329308,-0.0428533251993157,0.0567347903666145,0.0174955779196662,0.0131177587379138
"government",0.3350069092956,0.137993685126887,-0.499406574418852,0.112128679670946,0.166818088829331,-0.444151172091834,-0.615557336175245,-0.000806999924128027,0.0523289825290779
"infrastr",0.334155290377434,0.217683503839438,-0.504351664431968,-0.108183180419917,0.251290538211294,0.00596619829461914,0.697445807619108,-0.00096970742117572,0.158952216446734
"writing",0.332286891133887,0.400489133214445,0.306673625742604,0.43573556194094,-0.118233830843356,0.252970327363834,-0.0700052118189467,-0.327363908774666,0.505211440645512
"texts",0.348351361053565,0.358254033570073,0.111774234502464,0.277897404021796,-0.0306826660273259,0.21218632583894,0.0100662939104924,0.389327943798681,-0.680399066033356
"money",0.31144577769518,0.310583558360005,0.449518806620566,-0.732299942173049,0.0828908124436276,-0.210294364635402,-0.0788291075323476,0.076514784372983,0.0710342946265484
"PolPop",0.35098633524663,-0.346495243498497,0.0592179659183517,-0.0736261713020502,0.157363467923665,-0.00721933511278122,0.0452103491153175,-0.824526826263137,-0.202776269281761
"PolTerr",0.315462312728539,-0.550676063400508,0.358275854827269,0.301489744531748,0.122267231874524,0.416439964521809,0.205277456887799,0.372321328855914,0.0940649879982515
"CapPop",0.333982240621836,-0.374653392441245,-0.210264794825867,-0.13467347197286,0.209766821967633,-0.634467454338946,-0.375693230624908,0.297526555424836,0.0975907042243536
"levels",0.329711852824364,-0.155537080070009,-0.310662348019516,-0.100001278624417,-0.86504544880974,0.071452616749594,0.079209023244758,0.0293238634563054,0.00662550742966788
"government",0.333289396593096,0.243582662329339,-0.426191954894422,0.133193357016686,0.216064164056636,0.539019393040434,-0.540209398244036,-0.00437720868989305,0.0336842543451591
"infrastr",0.335301574900932,0.238886972041666,-0.431416512932257,-0.070063864923096,0.311519277920654,-0.0627453128990219,0.709719603593396,0.0744756023132692,0.171017396154411
"writing",0.333757050510687,0.366543282022639,0.368213585173273,0.409556760279354,-0.149257869739524,-0.249130455644473,-0.0896941671502087,-0.19273237270996,0.566921125661956
"texts",0.350418129257342,0.327169273384085,0.187297297003744,0.276734397312253,-0.0371131189554391,-0.190582789274732,0.029956012338035,0.184866014726526,-0.765332089930918
"money",0.315186415767242,0.233123919504019,0.434727448088681,-0.780113991025803,0.0244629533060237,0.161259251616965,-0.0626673850887658,0.123545192190212,0.0543265162814884
"PolPop",0.35116730583484,-0.330990907631188,0.150874963913495,-0.0365306360477295,0.120640463067759,0.0157721870849217,-0.021107157510032,-0.819229577123455,-0.237998539755099
"PolTerr",0.317982413856123,-0.542786475094998,0.374620200620494,0.288273613217596,0.19683107634003,-0.229697336316496,0.34762992425413,0.391857844071565,0.122170303348638
"CapPop",0.337539834931792,-0.343700161079489,-0.187663526162113,-0.11614919777299,0.0804368841028716,0.59359739552914,-0.530744026716531,0.261870673260748,0.100674685004585
"levels",0.3304543523356,-0.191340747431112,-0.283771880317831,-0.172558283297269,-0.820573046500289,-0.241500380441467,0.100658819124251,0.0456757791449321,0.0021829194262209
"government",0.333682530854373,0.142190486383085,-0.445512863944592,0.059842924496495,0.386750452620311,-0.626119636832941,-0.348132391698643,0.0425170295175738,0.0420639329320307
"infrastr",0.335799430907523,0.214963755048277,-0.444611384628502,-0.113264126532016,0.247441008399846,0.323520130004306,0.66522230163752,-0.0361158386635176,0.144235532942363
"writing",0.332027579867917,0.407179407803548,0.26717166800197,0.464831588954643,-0.208578946669549,0.10297169655785,-0.147872346078706,-0.184621631723523,0.571361343524302
"texts",0.347838050335134,0.352655948879044,0.120446877045895,0.316362145393345,-0.0807635599237935,0.132920889213277,-0.0145744581345163,0.224181886945594,-0.751923777098497
"money",0.311603235539238,0.290685294338268,0.488981825619312,-0.73466556212693,0.0778607362242816,-0.10652634812217,-0.0330300710213263,0.131122411337902,0.0622458019412143
"PolPop",0.353126372116929,-0.33729520403419,0.0978670717396738,-0.0542867202626526,0.14024888111369,-0.0385479037879471,-0.0734810895777884,-0.732414299491501,-0.431303643339637
"PolTerr",0.314777806729865,-0.605688203340608,0.280445131928252,0.278288472100472,0.00674269555565021,0.385788987673374,0.335896988542948,0.281786574858733,0.191973225637982
"CapPop",0.338288615780438,-0.326349055825212,-0.104955289712078,-0.160707733281883,0.30163763003764,-0.600329333023571,-0.38415845202092,0.329361935375203,0.186485788047618
"levels",0.327584415435187,-0.105479090610946,-0.293944089077953,-0.226932723646724,-0.856979486956044,-0.0871592298869908,0.0343434435657796,0.00965455932122747,0.0194362700306722
"government",0.33506451822159,0.147652187291451,-0.471994645137995,0.0643449600333289,0.175639142831449,0.60940219347717,-0.479603642158697,0.0303451559970026,0.076490243316584
"infrastr",0.334761186422882,0.237101498959147,-0.427555562518692,-0.147673356418644,0.325738291893132,-0.110313921944835,0.701193078684332,-0.0635866979553213,0.114529690855546
"writing",0.333218177172081,0.364094211547089,0.270590481574185,0.511825199773948,-0.120720836775906,-0.205690313008917,-0.0968976984169307,-0.310712891685382,0.508333667350743
"texts",0.349339311763982,0.316896071496113,0.125668960226647,0.350138269442502,-0.0395519938487669,-0.113175106325224,0.0245049849286535,0.40774828744679,-0.676695873138501
"money",0.311545131971716,0.301227815188191,0.565472566568724,-0.657094745657975,0.0423469306505512,0.207440527172055,-0.036544613496704,0.0884752028273725,0.081734329682367
"PolPop",0.348632681976285,-0.385827259828964,0.0969517007107368,-0.0156447499039691,0.180714829521185,-0.0305428898059865,0.036539628161605,0.814525512888633,-0.14686903983271
"PolTerr",0.32166034249845,-0.491361475818454,0.286339619800923,-0.367242877593502,0.108288751497491,0.445856776505045,0.221720562556776,-0.41145381050365,0.096290447291387
"CapPop",0.334909897541686,-0.366852852842923,-0.116274910602608,0.128083652783973,0.190195479589676,-0.666950839344643,-0.349264623323059,-0.339503466800807,0.0712947705646118
"levels",0.32973676861172,-0.193476430869258,-0.237285477866499,0.306754467573227,-0.828675156351407,0.105138036419252,0.0730161253599518,-0.0114571114370156,0.0147882155766745
"government",0.332744244771652,0.202201098607029,-0.501250481148445,-0.0596268392546664,0.219356814811915,0.483410518492415,-0.557089087958334,0.0127629950911035,0.0356972116967935
"infrastr",0.336729537507312,0.231975914718236,-0.394765742801176,0.221809719962584,0.331246932471134,-0.0688384285206307,0.696156286444994,-0.0618825288286001,0.157589872636764
"writing",0.332609788070551,0.394906580777712,0.213652551120698,-0.477999116785429,-0.224244162555556,-0.2349594311784,-0.0510473659311045,0.156384999832166,0.571607796140988
"texts",0.349851244494363,0.33094262074549,0.0802470627993553,-0.308187292530666,-0.101456531421049,-0.155445342905919,0.0618784692425122,-0.135381268640908,-0.781055935820732
"money",0.311397210685619,0.278414700866885,0.616122306681363,0.614952608268518,0.119658041082368,0.163118945438902,-0.144121859696251,-0.0712978528010621,0.0310369602036971
"PolPop",0.35279364229479,-0.331634865508563,0.107200751834693,-0.0339215638633666,0.0898711964174265,0.0550749340315409,0.0435638611776771,-0.813839201986983,0.27851418500866
"PolTerr",0.317290294632765,-0.547272379497331,0.296939095610413,-0.324330082055303,0.161742677440423,-0.316312163350649,-0.379881208802534,0.343239532988391,-0.134609786964863
"CapPop",0.336360195008022,-0.361433231128903,-0.0841687074396254,0.209397918301772,0.183392543268472,0.547805337354665,0.506928618383198,0.322217484790519,-0.103786969063317
"levels",0.32963076910465,-0.173143576458621,-0.279088757561594,0.207461286313344,-0.844718834156451,-0.14240546998856,-0.0538483264414961,0.0507193568523755,-0.0336573319377899
"government",0.333349133999974,0.175007416533586,-0.463630804751755,-0.0543391872239317,0.316304518693963,-0.622408387725008,0.389718954519694,0.0193362876315228,-0.0254751535586014
"infrastr",0.335135720158951,0.210598777355143,-0.447643550734695,0.186762473056073,0.276201148502265,0.296016888364048,-0.647005831336975,-0.0439667412842574,-0.153637695373772
"writing",0.333094308540537,0.391251826651497,0.236400665218627,-0.486868884592139,-0.174412501320914,0.17942988553044,0.151121778617689,-0.159834485278903,-0.57623254452047
"texts",0.349069810917217,0.341483365648637,0.0977016213078596,-0.316955845666731,-0.081679831905817,0.162273895816371,-0.0209985559808999,0.289262335521196,0.731036738389362
"money",0.311174778574677,0.291942217308823,0.578438513105495,0.656838156911333,0.0717830210176794,-0.207357809230485,-0.0118342798571736,0.043921382546339,-0.0411499688168195
"PolPop",0.352130191387022,-0.326552473358022,0.101524188583767,-0.0615711422131617,0.189040597939708,-0.0658866313776071,0.0932162262022144,-0.815010218076731,0.205575601120168
"PolTerr",0.321190863770405,-0.490670323166699,0.379018056753386,0.271856348445685,0.16264141394128,0.414627299047977,-0.37678070488107,0.30343415538428,-0.0781951954373545
"CapPop",0.335704550614933,-0.411271961198023,-0.124574225929701,-0.164812853753101,0.178079162858431,-0.524989386407133,0.431282941324256,0.417480321463763,-0.0886283009497866
"levels",0.331380860669484,-0.192604477429815,-0.210737150910834,-0.11937508269531,-0.882768471094744,0.0450949444122585,-0.110602712239992,-0.0227582556382044,-0.0191064802718754
"government",0.331751816602654,0.161233329013508,-0.519240533036003,0.117611113833448,0.175776232898247,0.610089066711268,0.418573281964663,0.0373829957234861,-0.0281852166028227
"infrastr",0.335848727737951,0.209420491143138,-0.468916471740567,-0.0991460161329024,0.280756291048356,-0.248578475356319,-0.665676784292223,-0.0238409579878273,-0.171250618055544
"writing",0.332639652099198,0.377260563791376,0.319436895603387,0.452239309945822,-0.111404874856091,-0.203866411870601,0.177359970592261,-0.137146162668646,-0.579850684221566
"texts",0.34787818540019,0.348563876310544,0.137858568318648,0.301956184398342,-0.0480213518195252,-0.176179817205159,-0.0134790200353082,0.197777599491247,0.758062285723354
"money",0.309528563228292,0.33569266890615,0.419011889447739,-0.749352517682262,0.0487912452296908,0.198733427554787,0.0337888073168325,0.0948017527542254,-0.0489665668521053
"PolPop",0.352211158635954,-0.326354376243017,0.0986698422830982,-0.00389649773476479,0.113589110969186,0.0761813672521436,0.072522395050928,0.821244234279931,0.247551052107341
"PolTerr",0.324494486577699,-0.447408628970863,0.399242334804945,-0.282243680923403,0.222906285481485,-0.280453401220981,0.415973462000474,-0.385518033188473,-0.0739831887367347
"CapPop",0.335051793097179,-0.426769756507179,-0.0983193669971061,0.100355923560034,0.157796929414897,0.417334909537784,-0.629119735385653,-0.259719257349521,-0.153479085908436
"levels",0.331263259291024,-0.215437928471172,-0.198695179174259,0.173929540575012,-0.859039691102872,-0.12451034248983,0.119382289735244,-0.078750262319259,-0.0146335748666404
"government",0.331860588947411,0.143506797301943,-0.513755863692949,-0.126903473943841,0.244804766591902,-0.678876028012019,-0.258881211056452,0.0330928837696176,-0.0175531736155559
"infrastr",0.334553910175834,0.198664566765095,-0.496570607539415,0.0877153113000863,0.235636688596719,0.438031341067862,0.557849267676747,-0.0745821949539772,-0.173710428493484
"writing",0.330295365400721,0.428945658612381,0.326105399076279,-0.410080791835355,-0.181386394727277,0.0980119114185273,-0.150149122963411,0.190382400274596,-0.575414659163558
"texts",0.346971605456744,0.36755127240946,0.123452942006174,-0.271752273735619,-0.0739936960656245,0.186620775231373,-0.103398685704344,-0.239744382989562,0.739564602858098
"money",0.311630364679629,0.292612861788836,0.386795207082367,0.783700519176626,0.143983075153416,-0.169390882949398,-0.0145421578752294,-0.0538292395006415,-0.0305570680512585
"PolPop",0.353186850275051,-0.328678027151404,0.0857055511794842,0.0106683531072734,-0.162714411864505,0.0847539988011254,0.00704001713302678,0.78521976940343,0.330895270070829
"PolTerr",0.319447465419378,-0.501572377627783,0.325225563253702,0.375461958719284,-0.18554113272683,-0.371928895793884,0.306789043170058,-0.338931532240883,-0.133732574126773
"CapPop",0.335337492206351,-0.409141388918326,-0.146736318635045,-0.135482980598431,-0.0877115557133676,0.57067681493491,-0.472524736429803,-0.309368183898394,-0.167066636704579
"levels",0.329436635614492,-0.183784214844135,-0.16183865991745,-0.31788228643657,0.816752480386447,-0.185772655581539,0.169203959269878,-0.010970278648121,-0.0103703900437794
"government",0.333381540612569,0.177674842232006,-0.50204714317113,0.0900994697623905,-0.197412940064813,-0.587243592496498,-0.459838446473801,0.0204794267667915,-0.0377019998077244
"infrastr",0.335316899919502,0.217531471493405,-0.445183615024508,-0.176996173660359,-0.330422585790446,0.221169306177769,0.650202722680833,-0.0356863054075476,-0.169099079804656
"writing",0.331701637690775,0.39984828708449,0.239574942084818,0.464241014666485,0.244891136099127,0.203683799915262,-0.0859633832930196,0.242075340971963,-0.538266258866028
"texts",0.349536341641041,0.343415495858533,0.0816269320613448,0.283736671725714,0.108495268855586,0.180775430730922,0.00137226602695258,-0.32746068754309,0.721829151140673
"money",0.310564533548672,0.287265460131154,0.569965523946508,-0.635639787310594,-0.21077649538199,-0.162371191618062,-0.110971847604112,-0.0721277898000505,-0.0618165376122256
"PolPop",0.352318932186462,-0.340508002602547,0.112717308738159,-0.00893670148353807,-0.124064748911666,-0.0855548374417834,0.0123883814103271,-0.808921548793078,-0.264426507060224
"PolTerr",0.319423806859542,-0.540833170884886,0.315456782994012,0.301592852478689,-0.124668702526834,0.33061049883204,0.381806428126758,0.346269860057777,0.156435706946191
"CapPop",0.337824139400076,-0.356906074368194,-0.160784735347662,-0.0232265766555622,-0.159388871399701,-0.545608965583315,-0.546533732761858,0.31028302194719,0.118461257495746
"levels",0.328144579342737,-0.16378306714843,-0.208717048241782,-0.337170940936236,0.831128399859519,0.101882144501305,0.069697933659784,0.0464995101210514,0.008648555120446
"government",0.333140570610927,0.144858237676866,-0.472648805210502,0.0129290672194372,-0.268032291486242,0.669822908091774,-0.349257509491325,-0.028231600014909,0.0344605380794817
"infrastr",0.334165545369948,0.22863225082562,-0.441607795950725,-0.175602863686765,-0.287382122690052,-0.31238468984929,0.638375105735575,0.0284428341029306,0.147317418052909
"writing",0.331821913029008,0.418271041993235,0.219790437490321,0.481250570495532,0.230885358971997,-0.11196233037734,-0.109189322082273,-0.213921879565175,0.558126432293406
"texts",0.349346940643271,0.331696141202276,0.0907102549166293,0.344772336476244,0.093887851098929,-0.094997086072249,0.0119910361213679,0.260695220162207,-0.744911345677792
"money",0.311829230699293,0.281278034388995,0.586017716247314,-0.642856568224731,-0.1906138820124,0.0866084332889103,-0.0945715595780575,0.109429280086594,0.047017520483989
"PolPop",0.351705889844985,-0.354525483154875,0.0661533624238585,-0.0018167397560894,0.0901087532274189,0.00787410758272169,0.082500409037691,-0.818613655211141,0.247222284535337
"PolTerr",0.318137219343998,-0.541549548641194,0.258024598843833,0.361041455606409,0.0991012453396095,0.430931366601338,0.212942553676186,0.393170794451192,-0.114605695475388
"CapPop",0.334456229754367,-0.369543756879655,-0.0812259933264299,-0.0871013687045776,0.195769675291567,-0.693996028490885,-0.382978751671414,0.237393171756306,-0.120031813093401
"levels",0.328262263839074,-0.151106560331668,-0.249401174092298,-0.383183893017983,-0.79838397412125,0.0982336058701386,0.0550949912486895,0.0983080676571867,-0.0247609849131565
"government",0.332929269413347,0.198035127891595,-0.498969168503665,0.0421210367603357,0.255854237371097,0.482897891236441,-0.546104467127293,-0.0187496241356614,-0.0442987050701368
"infrastr",0.336984040112997,0.225255474142696,-0.400060931005647,-0.159543783320351,0.344196880299502,-0.127014069869916,0.698532551283569,0.0779627209283339,-0.146863144983637
"writing",0.333363864034137,0.390292515601644,0.228358500184708,0.471427251300982,-0.265857001037746,-0.160853705293508,-0.0412167823328078,-0.213722045233569,-0.564109238777063
"texts",0.34950386629318,0.332642831533263,0.0949469383303312,0.319880100765327,-0.115578866607086,-0.152495314432491,0.0137153435220624,0.227701209393321,0.753132357142197
"money",0.312713979721922,0.262111704662164,0.624553381274778,-0.602854783362349,0.195819603898367,0.156537995673489,-0.100380381734063,0.0728953228382079,-0.0420380160307176
"PolPop",0.352504036114145,-0.332652228184826,0.100925777526164,0.00628335541486555,-0.13982621902582,-0.0221445655189728,0.00662432452899635,0.82480514455629,-0.233385400167421
"PolTerr",0.316413090070297,-0.555951392450652,0.370314382711661,-0.261335529362978,-0.183103928864586,0.339189265214007,0.261034800775531,-0.395203325848493,0.111671672030573
"CapPop",0.336006084194037,-0.354358899318162,-0.197303744861803,0.0893061096631247,-0.0710175783882174,-0.703628078965879,-0.368767324331634,-0.26696909885292,0.0850148440718626
"levels",0.328725803699078,-0.185790556182331,-0.321714266039499,0.28079471049851,0.760484219093262,0.308001783749523,0.0143397573679488,-0.0353055812702605,0.0205430719611363
"government",0.333105606801297,0.208846504743369,-0.425291181097454,-0.153207564615519,-0.403304414470293,0.476982440798327,-0.497224228513845,-0.0449783380701905,0.0407057946910853
"infrastr",0.337425280280486,0.232495144719902,-0.412445055099577,0.12330226942207,-0.265806727733128,-0.152859885181416,0.722392387264234,-0.00616550289924214,0.175692000897574
"writing",0.333124119051868,0.361944594000341,0.294448081437004,-0.457664991982943,0.292507383496281,-0.147968341445904,-0.0847712794326653,0.176443903646624,0.562222103985927
"texts",0.349696473653174,0.329538820787103,0.127946083920054,-0.292205034280709,0.152266507969426,-0.128356054287861,0.0647541869502105,-0.222506374675647,-0.757627878208609
"money",0.310786825473693,0.287926389255406,0.506161064711645,0.715070608698476,-0.14658959611384,0.0724871589266013,-0.123126007934103,-0.0910451465684979,0.0528470830449201
"PolPop",0.349632528217316,-0.365118257488271,0.0997887801915304,-0.00920252460928792,0.0992580425173171,0.0616017920532216,0.0387826010930993,-0.798513897098607,0.285705779350206
"PolTerr",0.32093244153697,-0.515366954723529,0.250941540956318,-0.367182665614289,0.128291939897109,0.424347699693363,0.20250731462511,0.417070677973822,-0.148719696285127
"CapPop",0.334125609006431,-0.363056485821923,-0.0941344395123849,0.171416717624467,0.287757790390887,-0.666192018572062,-0.358899845724602,0.22876982472603,-0.102683972552559
"levels",0.330300734473506,-0.185977784482143,-0.163152085568695,0.281464538637379,-0.860084760971452,0.00624354240153017,0.0386614881557777,0.0872552795014208,-0.0397470326600519
"government",0.332004754639832,0.203993466811438,-0.53785560394486,-0.0117055990022042,0.163016482760286,0.494155629319554,-0.536201332411997,0.0107348705864736,-0.0185086651397948
"infrastr",0.338705770850004,0.204163570273227,-0.410368082530392,0.214694874089655,0.2742043266841,-0.0696305810542013,0.719659071724505,0.001708729833589,-0.176497182365338
"writing",0.333089373459543,0.381905425674284,0.20984970477072,-0.507100322931961,-0.164395243247718,-0.22113095939061,-0.0873740159315341,-0.235411861374975,-0.550485620774323
"texts",0.349628437782469,0.333879084785569,0.0731384801795251,-0.321163199768402,-0.063266041842493,-0.187128555720164,0.0651033294925469,0.258873253863039,0.73994336308606
"money",0.309650825714059,0.306699717091991,0.620091845546076,0.591573138005903,0.135454430309219,0.198316061318465,-0.0994443406203763,0.0769819846651276,-0.0456772310427896
"PolPop",0.35258751500918,-0.349254805733288,0.088756778946445,-0.0294120021823739,0.114332629079417,-0.0870237006558299,-0.0644659006168082,0.704293288125574,-0.473424049517359
"PolTerr",0.318199293487743,-0.540325833030151,0.349350156784777,0.301039550169407,0.213108004145217,0.32100291438154,-0.294212067296389,-0.327288653771793,0.228013958058844
"CapPop",0.337176646380256,-0.364003102209808,-0.205187221718496,-0.114812743968796,0.0882693655052991,-0.563587523649117,0.530652354603772,-0.238805087872927,0.185708695119602
"levels",0.329441527423413,-0.181046192555137,-0.33909526986456,-0.239897701751507,-0.766235100323236,0.282098884760506,-0.123657366209221,-0.0620101335040345,0.0179342185381145
"government",0.330832009064108,0.244104416571934,-0.429649151193152,0.234509179878983,0.334149991902928,0.55525577279938,0.408030366429385,0.0701012726874565,-0.00145201360504217
"infrastr",0.335865412631964,0.2581008842774,-0.413068964930281,-0.102499143585994,0.300319527200088,-0.292440918712651,-0.649991848540207,-0.000246795126240429,0.203084564840895
"writing",0.332617101794544,0.352343187254315,0.352421330503198,0.396318990424544,-0.318220782360432,-0.17537487905207,0.105489572307767,0.339314526695506,0.475044622328903
"texts",0.348922654735821,0.327182561479763,0.176385737339586,0.25514759437311,-0.124235307097213,-0.175790498815375,-0.0216973712183389,-0.460948199371471,-0.644757008336899
"money",0.312369803294615,0.251785443939306,0.449946906539412,-0.741692377545593,0.167506433550858,0.191530715672016,0.108735148732343,-0.0588059086461385,0.0802839137563914
"PolPop",0.349598263140145,-0.375317807872259,0.101629614433434,-0.0259799399413394,0.172416171458014,-0.0354255176185305,0.0441819507330717,0.788941710993084,0.265613798775701
"PolTerr",0.32173398780667,-0.519454644736853,0.337769777216794,-0.301616647711023,0.186654162961313,0.302878086936502,0.286099501593306,-0.428277371232132,-0.17246374968457
"CapPop",0.339005047674494,-0.334508968385504,-0.155387707688603,0.162629246546757,0.103720203841872,-0.518853873412543,-0.603036869135625,-0.270245843831618,-0.077020853685458
"levels",0.329243609772436,-0.195128796437927,-0.222676976039396,0.255704761058857,-0.831083156950884,0.136894071008106,0.16910340439905,-0.0191927849489198,-0.0122438931889061
"government",0.331887291133932,0.201776100977809,-0.487697624390862,-0.0926257573814539,0.221928770610589,0.653910546467011,-0.353793913899328,0.0162869307910342,-0.0205413645770567
"infrastr",0.335735201350152,0.201288666715407,-0.445371180572191,0.138789758426334,0.322188739290677,-0.328467657066793,0.612142670260156,-0.0423981108368632,-0.202321100425945
"writing",0.332064649871705,0.387811205885935,0.270100692426258,-0.468183567015165,-0.230933724150207,-0.17470584004599,-0.143199363340279,0.220403577213706,-0.54244722362362
"texts",0.349410065813375,0.335347261130173,0.114106450376361,-0.306179955486926,-0.0876996479129671,-0.157396009743621,0.0406378797518843,-0.261357747483365,0.745831302396015
"money",0.309387933421249,0.30861931046767,0.528841655245562,0.68973552782507,0.141053949509188,0.168151507794758,-0.0435812609272258,-0.0424242608437405,-0.0418848747743001
"PolPop",0.350473967426978,-0.360412452709973,0.0783262986793323,-0.0564332497344685,0.127330158536926,-0.0861527908678843,-0.115364151161157,-0.833391969571286,0.080404019680437
"PolTerr",0.317626757554753,-0.525018624204437,0.360444614787434,0.355014101410824,0.159986336885211,0.342329067219455,-0.261975124692001,0.389253928159897,-0.067667937720522
"CapPop",0.334611183894962,-0.36979037307455,-0.153948714146454,-0.192104778583926,0.125064931246793,-0.631973686636734,0.4117496928148,0.325574755263282,-0.0108293409242412
"levels",0.330147180499169,-0.161888478183963,-0.231156314941022,-0.241280842168324,-0.82913248803911,0.249856203309247,-0.0191637650827401,0.0524924308785977,-0.0115655894546426
"government",0.333393588509184,0.148082198716232,-0.465932849913114,0.192035446580944,0.31557518040471,0.506382937638136,0.503078060240454,-0.0568100917025366,-0.0249609486917898
"infrastr",0.335468746881542,0.240337008477953,-0.473613336750013,-0.108047965951468,0.232664216699176,-0.145767214521695,-0.684380623514363,0.127592878962696,-0.183513997728546
"writing",0.333578594939441,0.384192313095569,0.300181465838223,0.417239613798297,-0.224640677655417,-0.25005737836288,0.136253041927356,-0.108955741087487,-0.577490613187423
"texts",0.349855587239803,0.341360783952192,0.136360929684345,0.283462941227951,-0.100388078195392,-0.157398559247611,-0.0451791223153611,0.0762416086142354,0.787033882617768
"money",0.312978050259321,0.296115476292246,0.486523373671476,-0.687508163813123,0.202059274635851,0.220442473542677,0.0780042959034768,0.0894056050851551,-0.0385620190044874
"PolPop",0.352263494466595,-0.346816837429234,0.0742534840943464,-0.0204775894351437,0.19329107858255,-0.0767219658959903,-0.07392939212574,0.743053619233922,0.385815581573998
"PolTerr",0.31844174341928,-0.522974606765398,0.397378250309886,0.301446116696731,0.132518819242303,0.351200138060429,0.339124888052224,-0.30542839579132,-0.164676083742143
"CapPop",0.337885698684966,-0.347475046755361,-0.132999027343346,-0.20749415553489,0.190234916062077,-0.560587865784605,-0.428638213683068,-0.367010758216392,-0.188350968197811
"levels",0.327870567542893,-0.199985995376312,-0.222014515617856,-0.205489702793971,-0.863848748925251,0.0904828186514629,0.078890376888779,0.015189581141967,-0.0106683204538105
"government",0.333354524118616,0.149170198178147,-0.475740603601937,0.146642801018142,0.203945964615536,0.616759546440479,-0.438158946568788,-0.0405216060516081,-0.0563757270060708
"infrastr",0.335640658885799,0.204206216866617,-0.46807171509554,-0.126174870269136,0.277902791246513,-0.174057648898349,0.691474524413745,0.0377050079663425,-0.153457579396512
"writing",0.333443494836367,0.385243477916573,0.273986247593381,0.455841115891153,-0.166940097977539,-0.237927925899142,-0.131609193755986,0.284789002436623,-0.524059979049626
"texts",0.349399502530005,0.341536368598223,0.110909192313296,0.30333756552464,-0.0787379045168428,-0.177103344992679,0.0215289358125678,-0.366164068347111,0.696314222544314
"money",0.309507616728572,0.341278156502673,0.486629422315679,-0.697281904218595,0.0987965859336047,0.222851096572549,-0.0408606186763504,-0.0375849028969496,-0.0471000503930175
"PolPop",0.352613553215022,-0.338791907376652,0.0712403691947668,-0.0104477538188179,-0.18157662169372,0.0323711015065957,0.00260917431019404,0.792063270904495,-0.307099966065352
"PolTerr",0.320444812882155,-0.52936309059794,0.266756785348623,-0.3202911299111,-0.164102926502182,-0.34715863773139,0.375640151676934,-0.367086552903024,0.141553165517653
"CapPop",0.336332574766102,-0.36915309046579,-0.144245372176469,0.184460094691351,-0.21274560060097,0.541511662325645,-0.49287122200946,-0.304345654087296,0.147411842693244
"levels",0.328991000271868,-0.208177213496196,-0.265048028526992,0.218765905310041,0.842775754393421,-0.137221454976181,0.0322702716709794,-0.00537177666978678,0.0121352565453109
"government",0.328345612556327,0.252173577365602,-0.507965570501058,-0.146391737834181,-0.268273557802851,-0.580659960650489,-0.373012425970801,-0.0253125049176234,0.0149130587209583
"infrastr",0.334765124274028,0.27765007493597,-0.416884287019147,0.150762331902195,-0.210290657815262,0.307079614383173,0.6700276347293,0.00968454270869459,0.163615665421386
"writing",0.334351073005152,0.345941158798904,0.331861081498842,-0.446938813950547,0.203267279117377,0.174991134318064,-0.15951399525567,0.220190752747207,0.559267223849709
"texts",0.350182238427935,0.31520488541325,0.175422476989105,-0.28353764417334,0.111665443765603,0.202101906027781,-0.00948402114597392,-0.303214630582387,-0.722155266128495
"money",0.311973324231458,0.256266507792921,0.509884388879074,0.700794312173807,-0.120784421708777,-0.25186787590509,-0.0362531953025651,-0.0638005591524,0.0499425169127259
